This is LuaHBTeX, Version 1.24.0 (TeX Live 2026)  (format=lualatex 2026.8.25)  23 SEP 2026 15:47
 restricted system commands enabled.
**index.tex
(./index.tex
LaTeX2e <2026-06-01>
L3 programming layer <2026-08-10>
Lua module: luaotfload 2024-12-03 v3.29 Lua based OpenType font support
Lua module: lualibs 2023-07-13 v2.76 ConTeXt Lua standard libraries.
Lua module: lualibs-extended 2023-07-13 v2.76 ConTeXt Lua libraries -- extended collection.
luaotfload | conf : Root cache directory is "C:/Users/vacek/AppData/Roaming/TinyTeX/texmf-var/luatex-cache/generic/names".
luaotfload | init : Loading fontloader "fontloader-2023-12-28.lua" from kpse-resolved path "c:/Users/vacek/AppData/Roaming/TinyTeX/texmf-dist/tex/luatex/luaotfload/fontloader-2023-12-28.lua".
Lua-only attribute luaotfload@noligature = 1
luaotfload | init : Context OpenType loader version 3.134
Inserting `luaotfload.node_processor' in `pre_linebreak_filter'.
Inserting `luaotfload.node_processor' in `hpack_filter'.
Inserting `luaotfload.glyph_stream' in `glyph_stream_provider'.
Inserting `luaotfload.define_font' in `define_font'.
Lua-only attribute luaotfload_color_attribute = 2
luaotfload | conf : Root cache directory is "C:/Users/vacek/AppData/Roaming/TinyTeX/texmf-var/luatex-cache/generic/names".
Inserting `luaotfload.harf.strip_prefix' in `find_opentype_file'.
Inserting `luaotfload.harf.strip_prefix' in `find_truetype_file'.
Removing  `luaotfload.glyph_stream' from `glyph_stream_provider'.
Inserting `luaotfload.harf.glyphstream' in `glyph_stream_provider'.
Inserting `luaotfload.harf.finalize_vlist' in `post_linebreak_filter'.
Inserting `luaotfload.harf.finalize_hlist' in `hpack_filter'.
Inserting `luaotfload.cleanup_files' in `wrapup_run'.
Inserting `luaotfload.harf.finalize_unicode' in `finish_pdffile'.
Inserting `luaotfload.glyphinfo' in `glyph_info'.
Lua-only attribute luaotfload.letterspace_done = 3
Inserting `luaotfload.aux.set_sscale_dimens' in `luaotfload.patch_font'.
Inserting `luaotfload.aux.set_font_index' in `luaotfload.patch_font'.
Inserting `luaotfload.aux.patch_cambria_domh' in `luaotfload.patch_font'.
Inserting `luaotfload.aux.fixup_fontdata' in `luaotfload.patch_font_unsafe'.
Inserting `luaotfload.aux.set_capheight' in `luaotfload.patch_font'.
Inserting `luaotfload.aux.set_xheight' in `luaotfload.patch_font'.
Inserting `luaotfload.rewrite_fontname' in `luaotfload.patch_font'.
Inserting `tracingstacklevels' in `input_level_string'. (c:/Users/vacek/AppData/Roaming/TinyTeX/texmf-dist/tex/latex/koma-script/scrreprt.cls
Document Class: scrreprt 2026/02/02 v3.49.2 KOMA-Script document class (report)
(c:/Users/vacek/AppData/Roaming/TinyTeX/texmf-dist/tex/latex/koma-script/scrkbase.sty
Package: scrkbase 2026/02/02 v3.49.2 KOMA-Script package (KOMA-Script-dependent basics and keyval usage)
(c:/Users/vacek/AppData/Roaming/TinyTeX/texmf-dist/tex/latex/koma-script/scrbase.sty
Package: scrbase 2026/02/02 v3.49.2 KOMA-Script package (KOMA-Script-independent basics and keyval usage)
(c:/Users/vacek/AppData/Roaming/TinyTeX/texmf-dist/tex/latex/koma-script/scrlfile.sty
Package: scrlfile 2026/02/02 v3.49.2 KOMA-Script package (file load hooks)
(c:/Users/vacek/AppData/Roaming/TinyTeX/texmf-dist/tex/latex/koma-script/scrlfile-hook.sty
Package: scrlfile-hook 2026/02/02 v3.49.2 KOMA-Script package (using LaTeX hooks)
(c:/Users/vacek/AppData/Roaming/TinyTeX/texmf-dist/tex/latex/koma-script/scrlogo.sty
Package: scrlogo 2026/02/02 v3.49.2 KOMA-Script package (logo)
))) (c:/Users/vacek/AppData/Roaming/TinyTeX/texmf-dist/tex/latex/graphics/keyval.sty
Package: keyval 2026-05-17 v1.15 key=value parser (DPC)
\KV@toks@=\toks17
)
Applying: [2021/05/01] Usage of raw or classic option list on input line 254.
Already applied: [0000/00/00] Usage of raw or classic option list on input line 370.
)) (c:/Users/vacek/AppData/Roaming/TinyTeX/texmf-dist/tex/latex/koma-script/tocbasic.sty
Package: tocbasic 2026/02/02 v3.49.2 KOMA-Script package (handling toc-files)
\scr@dte@tocline@numberwidth=\skip49
\scr@dte@tocline@numbox=\box53
)
Package tocbasic Info: omitting babel extension for `toc'
(tocbasic)             because of feature `nobabel' available
(tocbasic)             for `toc' on input line 143.
Class scrreprt Info: File `scrsize11pt.clo' used instead of
(scrreprt)           file `scrsize11.clo' to setup font sizes on input line 2710.
(c:/Users/vacek/AppData/Roaming/TinyTeX/texmf-dist/tex/latex/koma-script/scrsize11pt.clo
File: scrsize11pt.clo 2026/02/02 v3.49.2 KOMA-Script font size class option (11pt)
luaotfload | db : Font names database loaded from C:/Users/vacek/AppData/Roaming/TinyTeX/texmf-var/luatex-cache/generic/names/luaotfload-names.luc.gz) (c:/Users/vacek/AppData/Roaming/TinyTeX/texmf-dist/tex/latex/koma-script/typearea.sty
Package: typearea 2026/02/02 v3.49.2 KOMA-Script package (type area)
\ta@bcor=\skip50
\ta@div=\count274
Package typearea Info: You've used standard option `letterpaper'.
(typearea)             This is correct!
(typearea)             Internally I'm using `paper=letter'.
(typearea)             If you'd like to set the option with \KOMAoptions,
(typearea)             you'd have to use `paper=letter' there
(typearea)             instead of `letterpaper', too.
\ta@hblk=\skip51
\ta@vblk=\skip52
\ta@temp=\skip53
\footheight=\skip54
Package typearea Info: These are the values describing the layout:
(typearea)             DIV  = 11
(typearea)             BCOR = 0.0pt
(typearea)             \paperwidth      = 614.295pt
(typearea)              \textwidth      = 446.76004pt
(typearea)              DIV departure   = -14%
(typearea)              \evensidemargin = 11.49748pt
(typearea)              \oddsidemargin  = 11.49748pt
(typearea)             \paperheight     = 794.96999pt
(typearea)              \textheight     = 582.20026pt
(typearea)              \topmargin      = -37.40001pt
(typearea)              \headheight     = 17.0pt
(typearea)              \headsep        = 20.40001pt
(typearea)              \topskip        = 11.0pt
(typearea)              \footskip       = 47.6pt
(typearea)              \baselineskip   = 13.6pt
(typearea)              on input line 1810.
)
\c_scrreprt_cmdhook_cctab=\catcodetable14
\c@part=\count275
\c@chapter=\count276
\c@section=\count277
\c@subsection=\count278
\c@subsubsection=\count279
\c@paragraph=\count280
\c@subparagraph=\count281
\scr@dte@chapter@maxnumwidth=\skip55
Class scrreprt Info: using compatibility default `afterindent=bysign'
(scrreprt)           for `\chapter on input line 5934.
\scr@dte@section@maxnumwidth=\skip56
Class scrreprt Info: using compatibility default `runin=bysign'
(scrreprt)           for `\section on input line 5945.
Class scrreprt Info: using compatibility default `afterindent=bysign'
(scrreprt)           for `\section on input line 5945.
\scr@dte@part@maxnumwidth=\skip57
Class scrreprt Info: using compatibility default `afterindent=true'
(scrreprt)           for `\part on input line 5954.
\scr@dte@subsection@maxnumwidth=\skip58
Class scrreprt Info: using compatibility default `runin=bysign'
(scrreprt)           for `\subsection on input line 5964.
Class scrreprt Info: using compatibility default `afterindent=bysign'
(scrreprt)           for `\subsection on input line 5964.
\scr@dte@subsubsection@maxnumwidth=\skip59
Class scrreprt Info: using compatibility default `runin=bysign'
(scrreprt)           for `\subsubsection on input line 5974.
Class scrreprt Info: using compatibility default `afterindent=bysign'
(scrreprt)           for `\subsubsection on input line 5974.
\scr@dte@paragraph@maxnumwidth=\skip60
Class scrreprt Info: using compatibility default `runin=bysign'
(scrreprt)           for `\paragraph on input line 5985.
Class scrreprt Info: using compatibility default `afterindent=bysign'
(scrreprt)           for `\paragraph on input line 5985.
\scr@dte@subparagraph@maxnumwidth=\skip61
Class scrreprt Info: using compatibility default `runin=bysign'
(scrreprt)           for `\subparagraph on input line 5995.
Class scrreprt Info: using compatibility default `afterindent=bysign'
(scrreprt)           for `\subparagraph on input line 5995.
\abovecaptionskip=\skip62
\belowcaptionskip=\skip63
\c@pti@nb@sid@b@x=\box54
Package tocbasic Info: omitting babel extension for `lof'
(tocbasic)             because of feature `nobabel' available
(tocbasic)             for `lof' on input line 7225.
\scr@dte@figure@maxnumwidth=\skip64
\c@figure=\count282
Package tocbasic Info: omitting babel extension for `lot'
(tocbasic)             because of feature `nobabel' available
(tocbasic)             for `lot' on input line 7238.
\scr@dte@table@maxnumwidth=\skip65
\c@table=\count283
Class scrreprt Info: Redefining `\numberline' on input line 7409.
\bibindent=\dimen149
) (c:/Users/vacek/AppData/Roaming/TinyTeX/texmf-dist/tex/latex/xcolor/xcolor.sty
Package: xcolor 2024/09/29 v3.02 LaTeX color extensions (UK)
(c:/Users/vacek/AppData/Roaming/TinyTeX/texmf-dist/tex/latex/graphics-cfg/color.cfg
File: color.cfg 2016/01/02 v1.6 sample color configuration
)
Package xcolor Info: Driver file: luatex.def on input line 274.
(c:/Users/vacek/AppData/Roaming/TinyTeX/texmf-dist/tex/latex/graphics-def/luatex.def
File: luatex.def 2025/09/29 v1.2f Graphics/color driver for luatex
) (c:/Users/vacek/AppData/Roaming/TinyTeX/texmf-dist/tex/latex/graphics/mathcolor.ltx)
Package xcolor Info: Model `cmy' substituted by `cmy0' on input line 1349.
Package xcolor Info: Model `hsb' substituted by `rgb' on input line 1353.
Package xcolor Info: Model `RGB' extended on input line 1365.
Package xcolor Info: Model `HTML' substituted by `rgb' on input line 1367.
Package xcolor Info: Model `Hsb' substituted by `hsb' on input line 1368.
Package xcolor Info: Model `tHsb' substituted by `hsb' on input line 1369.
Package xcolor Info: Model `HSB' substituted by `hsb' on input line 1370.
Package xcolor Info: Model `Gray' substituted by `gray' on input line 1371.
Package xcolor Info: Model `wave' substituted by `hsb' on input line 1372.
) (c:/Users/vacek/AppData/Roaming/TinyTeX/texmf-dist/tex/latex/graphics/dvipsnam.def
File: dvipsnam.def 2026-05-17 v3.0m Driver-dependent file (DPC,SPQR)
) (c:/Users/vacek/AppData/Roaming/TinyTeX/texmf-dist/tex/latex/xcolor/svgnam.def
File: svgnam.def 2024/09/29 v3.02 Predefined colors according to SVG 1.1 (UK)
) (c:/Users/vacek/AppData/Roaming/TinyTeX/texmf-dist/tex/latex/xcolor/x11nam.def
File: x11nam.def 2024/09/29 v3.02 Predefined colors according to Unix/X11 (UK)
) (c:/Users/vacek/AppData/Roaming/TinyTeX/texmf-dist/tex/latex/amsmath/amsmath.sty
Package: amsmath 2026/05/19 v2.18d AMS math features
\@mathmargin=\skip66
For additional information on amsmath, use the `?' option.
(c:/Users/vacek/AppData/Roaming/TinyTeX/texmf-dist/tex/latex/amsmath/amstext.sty
Package: amstext 2024/11/17 v2.01 AMS text
(c:/Users/vacek/AppData/Roaming/TinyTeX/texmf-dist/tex/latex/amsmath/amsgen.sty
File: amsgen.sty 1999/11/30 v2.0 generic functions
\@emptytoks=\toks18
\ex@=\dimen150
)) (c:/Users/vacek/AppData/Roaming/TinyTeX/texmf-dist/tex/latex/amsmath/amsbsy.sty
Package: amsbsy 1999/11/29 v1.2d Bold Symbols
\pmbraise@=\dimen151
) (c:/Users/vacek/AppData/Roaming/TinyTeX/texmf-dist/tex/latex/amsmath/amsopn.sty
Package: amsopn 2022/04/08 v2.04 operator names
)
\inf@bad=\count284
LaTeX Info: Redefining \frac on input line 235.
\uproot@=\count285
\leftroot@=\count286
LaTeX Info: Redefining \overline on input line 398.
LaTeX Info: Redefining \colon on input line 409.
\classnum@=\count287
\DOTSCASE@=\count288
LaTeX Info: Redefining \ldots on input line 495.
LaTeX Info: Redefining \dots on input line 498.
LaTeX Info: Redefining \cdots on input line 619.
\Mathstrutbox@=\box55
\strutbox@=\box56
LaTeX Info: Redefining \big on input line 721.
LaTeX Info: Redefining \Big on input line 722.
LaTeX Info: Redefining \bigg on input line 723.
LaTeX Info: Redefining \Bigg on input line 724.
\big@size=\dimen152
LaTeX Font Info:    Redeclaring font encoding OML on input line 742.
LaTeX Font Info:    Redeclaring font encoding OMS on input line 743.
\macc@depth=\count289
LaTeX Info: Redefining \bmod on input line 904.
LaTeX Info: Redefining \pmod on input line 909.
LaTeX Info: Redefining \smash on input line 939.
LaTeX Info: Redefining \relbar on input line 969.
LaTeX Info: Redefining \Relbar on input line 970.
\c@MaxMatrixCols=\count290
\dotsspace@=\muskip17
\c@parentequation=\count291
\dspbrk@lvl=\count292
\tag@help=\toks19
\row@=\count293
\column@=\count294
\maxfields@=\count295
\andhelp@=\toks20
\eqnshift@=\dimen153
\alignsep@=\dimen154
\tagshift@=\dimen155
\tagwidth@=\dimen156
\totwidth@=\dimen157
\lineht@=\dimen158
\@envbody=\toks21
\multlinegap=\skip67
\multlinetaggap=\skip68
\mathdisplay@stack=\toks22
LaTeX Info: Redefining \[ on input line 2965.
LaTeX Info: Redefining \] on input line 2966.
) (c:/Users/vacek/AppData/Roaming/TinyTeX/texmf-dist/tex/latex/amsfonts/amssymb.sty
Package: amssymb 2013/01/14 v3.01 AMS font symbols
(c:/Users/vacek/AppData/Roaming/TinyTeX/texmf-dist/tex/latex/amsfonts/amsfonts.sty
Package: amsfonts 2013/01/14 v3.01 Basic AMSFonts support
\symAMSa=\mathgroup4
\symAMSb=\mathgroup5
LaTeX Font Info:    Redeclaring math symbol \hbar on input line 98.
LaTeX Font Info:    Overwriting math alphabet `\mathfrak' in version `bold'
(Font)                  U/euf/m/n --> U/euf/b/n on input line 106.
)) (c:/Users/vacek/AppData/Roaming/TinyTeX/texmf-dist/tex/generic/iftex/iftex.sty
Package: iftex 2024/12/12 v1.0g TeX engine tests
) (c:/Users/vacek/AppData/Roaming/TinyTeX/texmf-dist/tex/latex/unicode-math/unicode-math.sty (c:/Users/vacek/AppData/Roaming/TinyTeX/texmf-dist/tex/latex/l3kernel/expl3.sty
Package: expl3 2026-08-10 L3 programming layer (loader) 
(c:/Users/vacek/AppData/Roaming/TinyTeX/texmf-dist/tex/latex/l3backend/l3backend-luatex.def
File: l3backend-luatex.def 2026-02-18 L3 backend support: PDF output (LuaTeX)
\l__color_backend_stack_int=\count296
Inserting `l3color' in `luaotfload.parse_color'.))
Package: unicode-math 2023/08/13 v0.8r Unicode maths in XeLaTeX and LuaLaTeX
(c:/Users/vacek/AppData/Roaming/TinyTeX/texmf-dist/tex/latex/unicode-math/unicode-math-luatex.sty
Package: unicode-math-luatex 2023/08/13 v0.8r Unicode maths in XeLaTeX and LuaLaTeX
(c:/Users/vacek/AppData/Roaming/TinyTeX/texmf-dist/tex/latex/l3packages/xparse/xparse.sty
Package: xparse 2025-10-09 L3 Experimental document command parser
) (c:/Users/vacek/AppData/Roaming/TinyTeX/texmf-dist/tex/latex/l3packages/l3keys2e/l3keys2e.sty
Package: l3keys2e 2025-10-09 LaTeX2e option processing using LaTeX3 keys
) (c:/Users/vacek/AppData/Roaming/TinyTeX/texmf-dist/tex/latex/fontspec/fontspec.sty
Package: fontspec 2026/08/11 v2.9h Font selection for XeLaTeX and LuaLaTeX
Lua module: fontspec 2026/08/11 v2.9h Font selection for XeLaTeX and LuaLaTeX (c:/Users/vacek/AppData/Roaming/TinyTeX/texmf-dist/tex/latex/fontspec/fontspec-luatex.sty
Package: fontspec-luatex 2026/08/11 v2.9h Font selection for XeLaTeX and LuaLaTeX
\l__fontspec_script_int=\count297
\l__fontspec_language_int=\count298
\l__fontspec_strnum_int=\count299
\l__fontspec_tmp_int=\count300
\l__fontspec_tmpa_int=\count301
\l__fontspec_tmpb_int=\count302
\l__fontspec_tmpc_int=\count303
\l__fontspec_em_int=\count304
\l__fontspec_emdef_int=\count305
\l__fontspec_strong_int=\count306
\l__fontspec_strongdef_int=\count307
\l__fontspec_tmpa_dim=\dimen159
\l__fontspec_tmpb_dim=\dimen160
\l__fontspec_tmpc_dim=\dimen161
(c:/Users/vacek/AppData/Roaming/TinyTeX/texmf-dist/tex/latex/base/fontenc.sty
Package: fontenc 2025/07/18 v2.1d Standard LaTeX package
) (c:/Users/vacek/AppData/Roaming/TinyTeX/texmf-dist/tex/latex/fontspec/fontspec.cfg))) (c:/Users/vacek/AppData/Roaming/TinyTeX/texmf-dist/tex/latex/base/fix-cm.sty
Package: fix-cm 2020/11/24 v1.1t fixes to LaTeX
(c:/Users/vacek/AppData/Roaming/TinyTeX/texmf-dist/tex/latex/base/ts1enc.def
File: ts1enc.def 2001/06/05 v3.0e (jk/car/fm) Standard LaTeX file
LaTeX Font Info:    Redeclaring font encoding TS1 on input line 47.
LaTeX Encoding Info:    Redeclaring text command \capitalcedilla (encoding TS1) on input line 49.
LaTeX Encoding Info:    Redeclaring text command \capitalogonek (encoding TS1) on input line 52.
LaTeX Encoding Info:    Redeclaring text command \capitalgrave (encoding TS1) on input line 55.
LaTeX Encoding Info:    Redeclaring text command \capitalacute (encoding TS1) on input line 56.
LaTeX Encoding Info:    Redeclaring text command \capitalcircumflex (encoding TS1) on input line 57.
LaTeX Encoding Info:    Redeclaring text command \capitaltilde (encoding TS1) on input line 58.
LaTeX Encoding Info:    Redeclaring text command \capitaldieresis (encoding TS1) on input line 59.
LaTeX Encoding Info:    Redeclaring text command \capitalhungarumlaut (encoding TS1) on input line 60.
LaTeX Encoding Info:    Redeclaring text command \capitalring (encoding TS1) on input line 61.
LaTeX Encoding Info:    Redeclaring text command \capitalcaron (encoding TS1) on input line 62.
LaTeX Encoding Info:    Redeclaring text command \capitalbreve (encoding TS1) on input line 63.
LaTeX Encoding Info:    Redeclaring text command \capitalmacron (encoding TS1) on input line 64.
LaTeX Encoding Info:    Redeclaring text command \capitaldotaccent (encoding TS1) on input line 65.
LaTeX Encoding Info:    Redeclaring text command \t (encoding TS1) on input line 66.
LaTeX Encoding Info:    Redeclaring text command \capitaltie (encoding TS1) on input line 67.
LaTeX Encoding Info:    Redeclaring text command \newtie (encoding TS1) on input line 68.
LaTeX Encoding Info:    Redeclaring text command \capitalnewtie (encoding TS1) on input line 69.
LaTeX Encoding Info:    Redeclaring text symbol \textcapitalcompwordmark (encoding TS1) on input line 70.
LaTeX Encoding Info:    Redeclaring text symbol \textascendercompwordmark (encoding TS1) on input line 71.
LaTeX Encoding Info:    Redeclaring text symbol \textquotestraightbase (encoding TS1) on input line 72.
LaTeX Encoding Info:    Redeclaring text symbol \textquotestraightdblbase (encoding TS1) on input line 73.
LaTeX Encoding Info:    Redeclaring text symbol \texttwelveudash (encoding TS1) on input line 74.
LaTeX Encoding Info:    Redeclaring text symbol \textthreequartersemdash (encoding TS1) on input line 75.
LaTeX Encoding Info:    Redeclaring text symbol \textleftarrow (encoding TS1) on input line 76.
LaTeX Encoding Info:    Redeclaring text symbol \textrightarrow (encoding TS1) on input line 77.
LaTeX Encoding Info:    Redeclaring text symbol \textblank (encoding TS1) on input line 78.
LaTeX Encoding Info:    Redeclaring text symbol \textdollar (encoding TS1) on input line 79.
LaTeX Encoding Info:    Redeclaring text symbol \textquotesingle (encoding TS1) on input line 80.
LaTeX Encoding Info:    Redeclaring text command \textasteriskcentered (encoding TS1) on input line 81.
LaTeX Encoding Info:    Redeclaring text symbol \textdblhyphen (encoding TS1) on input line 92.
LaTeX Encoding Info:    Redeclaring text symbol \textfractionsolidus (encoding TS1) on input line 93.
LaTeX Encoding Info:    Redeclaring text symbol \textzerooldstyle (encoding TS1) on input line 94.
LaTeX Encoding Info:    Redeclaring text symbol \textoneoldstyle (encoding TS1) on input line 95.
LaTeX Encoding Info:    Redeclaring text symbol \texttwooldstyle (encoding TS1) on input line 96.
LaTeX Encoding Info:    Redeclaring text symbol \textthreeoldstyle (encoding TS1) on input line 97.
LaTeX Encoding Info:    Redeclaring text symbol \textfouroldstyle (encoding TS1) on input line 98.
LaTeX Encoding Info:    Redeclaring text symbol \textfiveoldstyle (encoding TS1) on input line 99.
LaTeX Encoding Info:    Redeclaring text symbol \textsixoldstyle (encoding TS1) on input line 100.
LaTeX Encoding Info:    Redeclaring text symbol \textsevenoldstyle (encoding TS1) on input line 101.
LaTeX Encoding Info:    Redeclaring text symbol \texteightoldstyle (encoding TS1) on input line 102.
LaTeX Encoding Info:    Redeclaring text symbol \textnineoldstyle (encoding TS1) on input line 103.
LaTeX Encoding Info:    Redeclaring text symbol \textlangle (encoding TS1) on input line 104.
LaTeX Encoding Info:    Redeclaring text symbol \textminus (encoding TS1) on input line 105.
LaTeX Encoding Info:    Redeclaring text symbol \textrangle (encoding TS1) on input line 106.
LaTeX Encoding Info:    Redeclaring text symbol \textmho (encoding TS1) on input line 107.
LaTeX Encoding Info:    Redeclaring text symbol \textbigcircle (encoding TS1) on input line 108.
LaTeX Encoding Info:    Redeclaring text command \textcircled (encoding TS1) on input line 109.
LaTeX Encoding Info:    Redeclaring text symbol \textohm (encoding TS1) on input line 115.
LaTeX Encoding Info:    Redeclaring text symbol \textlbrackdbl (encoding TS1) on input line 116.
LaTeX Encoding Info:    Redeclaring text symbol \textrbrackdbl (encoding TS1) on input line 117.
LaTeX Encoding Info:    Redeclaring text symbol \textuparrow (encoding TS1) on input line 118.
LaTeX Encoding Info:    Redeclaring text symbol \textdownarrow (encoding TS1) on input line 119.
LaTeX Encoding Info:    Redeclaring text symbol \textasciigrave (encoding TS1) on input line 120.
LaTeX Encoding Info:    Redeclaring text symbol \textborn (encoding TS1) on input line 121.
LaTeX Encoding Info:    Redeclaring text symbol \textdivorced (encoding TS1) on input line 122.
LaTeX Encoding Info:    Redeclaring text symbol \textdied (encoding TS1) on input line 123.
LaTeX Encoding Info:    Redeclaring text symbol \textleaf (encoding TS1) on input line 124.
LaTeX Encoding Info:    Redeclaring text symbol \textmarried (encoding TS1) on input line 125.
LaTeX Encoding Info:    Redeclaring text symbol \textmusicalnote (encoding TS1) on input line 126.
LaTeX Encoding Info:    Redeclaring text symbol \texttildelow (encoding TS1) on input line 127.
LaTeX Encoding Info:    Redeclaring text symbol \textdblhyphenchar (encoding TS1) on input line 128.
LaTeX Encoding Info:    Redeclaring text symbol \textasciibreve (encoding TS1) on input line 129.
LaTeX Encoding Info:    Redeclaring text symbol \textasciicaron (encoding TS1) on input line 130.
LaTeX Encoding Info:    Redeclaring text symbol \textacutedbl (encoding TS1) on input line 131.
LaTeX Encoding Info:    Redeclaring text symbol \textgravedbl (encoding TS1) on input line 132.
LaTeX Encoding Info:    Redeclaring text symbol \textdagger (encoding TS1) on input line 133.
LaTeX Encoding Info:    Redeclaring text symbol \textdaggerdbl (encoding TS1) on input line 134.
LaTeX Encoding Info:    Redeclaring text symbol \textbardbl (encoding TS1) on input line 135.
LaTeX Encoding Info:    Redeclaring text symbol \textperthousand (encoding TS1) on input line 136.
LaTeX Encoding Info:    Redeclaring text symbol \textbullet (encoding TS1) on input line 137.
LaTeX Encoding Info:    Redeclaring text symbol \textcelsius (encoding TS1) on input line 138.
LaTeX Encoding Info:    Redeclaring text symbol \textdollaroldstyle (encoding TS1) on input line 139.
LaTeX Encoding Info:    Redeclaring text symbol \textcentoldstyle (encoding TS1) on input line 140.
LaTeX Encoding Info:    Redeclaring text symbol \textflorin (encoding TS1) on input line 141.
LaTeX Encoding Info:    Redeclaring text symbol \textcolonmonetary (encoding TS1) on input line 142.
LaTeX Encoding Info:    Redeclaring text symbol \textwon (encoding TS1) on input line 143.
LaTeX Encoding Info:    Redeclaring text symbol \textnaira (encoding TS1) on input line 144.
LaTeX Encoding Info:    Redeclaring text symbol \textguarani (encoding TS1) on input line 145.
LaTeX Encoding Info:    Redeclaring text symbol \textpeso (encoding TS1) on input line 146.
LaTeX Encoding Info:    Redeclaring text symbol \textlira (encoding TS1) on input line 147.
LaTeX Encoding Info:    Redeclaring text symbol \textrecipe (encoding TS1) on input line 148.
LaTeX Encoding Info:    Redeclaring text symbol \textinterrobang (encoding TS1) on input line 149.
LaTeX Encoding Info:    Redeclaring text symbol \textinterrobangdown (encoding TS1) on input line 150.
LaTeX Encoding Info:    Redeclaring text symbol \textdong (encoding TS1) on input line 151.
LaTeX Encoding Info:    Redeclaring text symbol \texttrademark (encoding TS1) on input line 152.
LaTeX Encoding Info:    Redeclaring text symbol \textpertenthousand (encoding TS1) on input line 153.
LaTeX Encoding Info:    Redeclaring text symbol \textpilcrow (encoding TS1) on input line 154.
LaTeX Encoding Info:    Redeclaring text symbol \textbaht (encoding TS1) on input line 155.
LaTeX Encoding Info:    Redeclaring text symbol \textnumero (encoding TS1) on input line 156.
LaTeX Encoding Info:    Redeclaring text symbol \textdiscount (encoding TS1) on input line 157.
LaTeX Encoding Info:    Redeclaring text symbol \textestimated (encoding TS1) on input line 158.
LaTeX Encoding Info:    Redeclaring text symbol \textopenbullet (encoding TS1) on input line 159.
LaTeX Encoding Info:    Redeclaring text symbol \textservicemark (encoding TS1) on input line 160.
LaTeX Encoding Info:    Redeclaring text symbol \textlquill (encoding TS1) on input line 161.
LaTeX Encoding Info:    Redeclaring text symbol \textrquill (encoding TS1) on input line 162.
LaTeX Encoding Info:    Redeclaring text symbol \textcent (encoding TS1) on input line 163.
LaTeX Encoding Info:    Redeclaring text symbol \textsterling (encoding TS1) on input line 164.
LaTeX Encoding Info:    Redeclaring text symbol \textcurrency (encoding TS1) on input line 165.
LaTeX Encoding Info:    Redeclaring text symbol \textyen (encoding TS1) on input line 166.
LaTeX Encoding Info:    Redeclaring text symbol \textbrokenbar (encoding TS1) on input line 167.
LaTeX Encoding Info:    Redeclaring text symbol \textsection (encoding TS1) on input line 168.
LaTeX Encoding Info:    Redeclaring text symbol \textasciidieresis (encoding TS1) on input line 169.
LaTeX Encoding Info:    Redeclaring text symbol \textcopyright (encoding TS1) on input line 170.
LaTeX Encoding Info:    Redeclaring text symbol \textordfeminine (encoding TS1) on input line 171.
LaTeX Encoding Info:    Redeclaring text symbol \textcopyleft (encoding TS1) on input line 172.
LaTeX Encoding Info:    Redeclaring text symbol \textlnot (encoding TS1) on input line 173.
LaTeX Encoding Info:    Redeclaring text symbol \textcircledP (encoding TS1) on input line 174.
LaTeX Encoding Info:    Redeclaring text symbol \textregistered (encoding TS1) on input line 175.
LaTeX Encoding Info:    Redeclaring text symbol \textasciimacron (encoding TS1) on input line 176.
LaTeX Encoding Info:    Redeclaring text symbol \textdegree (encoding TS1) on input line 177.
LaTeX Encoding Info:    Redeclaring text symbol \textpm (encoding TS1) on input line 178.
LaTeX Encoding Info:    Redeclaring text symbol \texttwosuperior (encoding TS1) on input line 179.
LaTeX Encoding Info:    Redeclaring text symbol \textthreesuperior (encoding TS1) on input line 180.
LaTeX Encoding Info:    Redeclaring text symbol \textasciiacute (encoding TS1) on input line 181.
LaTeX Encoding Info:    Redeclaring text symbol \textmu (encoding TS1) on input line 182.
LaTeX Encoding Info:    Redeclaring text symbol \textparagraph (encoding TS1) on input line 183.
LaTeX Encoding Info:    Redeclaring text symbol \textperiodcentered (encoding TS1) on input line 184.
LaTeX Encoding Info:    Redeclaring text symbol \textreferencemark (encoding TS1) on input line 185.
LaTeX Encoding Info:    Redeclaring text symbol \textonesuperior (encoding TS1) on input line 186.
LaTeX Encoding Info:    Redeclaring text symbol \textordmasculine (encoding TS1) on input line 187.
LaTeX Encoding Info:    Redeclaring text symbol \textsurd (encoding TS1) on input line 188.
LaTeX Encoding Info:    Redeclaring text symbol \textonequarter (encoding TS1) on input line 189.
LaTeX Encoding Info:    Redeclaring text symbol \textonehalf (encoding TS1) on input line 190.
LaTeX Encoding Info:    Redeclaring text symbol \textthreequarters (encoding TS1) on input line 191.
LaTeX Encoding Info:    Redeclaring text symbol \texteuro (encoding TS1) on input line 192.
LaTeX Encoding Info:    Redeclaring text symbol \texttimes (encoding TS1) on input line 193.
LaTeX Encoding Info:    Redeclaring text symbol \textdiv (encoding TS1) on input line 194.
)) (c:/Users/vacek/AppData/Roaming/TinyTeX/texmf-dist/tex/lualatex/lualatex-math/lualatex-math.sty
Package: lualatex-math 2022/01/01 v1.12 Patches for mathematics typesetting with LuaLaTeX
(c:/Users/vacek/AppData/Roaming/TinyTeX/texmf-dist/tex/latex/etoolbox/etoolbox.sty
Package: etoolbox 2025/10/02 v2.5m e-TeX tools for LaTeX (JAW)
\etb@tempcnta=\count308
)
Lua module: lualatex-math 2013/08/03 v1.3 Patches for mathematics typesetting with LuaLaTeX)
\g__um_fam_int=\count309
\g__um_fonts_used_int=\count310
\l__um_primecount_int=\count311
\g__um_primekern_muskip=\muskip18
(c:/Users/vacek/AppData/Roaming/TinyTeX/texmf-dist/tex/latex/unicode-math/unicode-math-table.tex))) (c:/Users/vacek/AppData/Roaming/TinyTeX/texmf-dist/tex/latex/lm/lmodern.sty
Package: lmodern 2015/05/01 v1.6.1 Latin Modern Fonts
LaTeX Font Info:    Overwriting symbol font `operators' in version `normal'
(Font)                  OT1/cmr/m/n --> OT1/lmr/m/n on input line 22.
LaTeX Font Info:    Overwriting symbol font `letters' in version `normal'
(Font)                  OML/cmm/m/it --> OML/lmm/m/it on input line 23.
LaTeX Font Info:    Overwriting symbol font `symbols' in version `normal'
(Font)                  OMS/cmsy/m/n --> OMS/lmsy/m/n on input line 24.
LaTeX Font Info:    Overwriting symbol font `largesymbols' in version `normal'
(Font)                  OMX/cmex/m/n --> OMX/lmex/m/n on input line 25.
LaTeX Font Info:    Overwriting symbol font `operators' in version `bold'
(Font)                  OT1/cmr/bx/n --> OT1/lmr/bx/n on input line 26.
LaTeX Font Info:    Overwriting symbol font `letters' in version `bold'
(Font)                  OML/cmm/b/it --> OML/lmm/b/it on input line 27.
LaTeX Font Info:    Overwriting symbol font `symbols' in version `bold'
(Font)                  OMS/cmsy/b/n --> OMS/lmsy/b/n on input line 28.
LaTeX Font Info:    Overwriting symbol font `largesymbols' in version `bold'
(Font)                  OMX/cmex/m/n --> OMX/lmex/m/n on input line 29.
LaTeX Font Info:    Overwriting math alphabet `\mathbf' in version `normal'
(Font)                  OT1/cmr/bx/n --> OT1/lmr/bx/n on input line 31.
LaTeX Font Info:    Overwriting math alphabet `\mathsf' in version `normal'
(Font)                  OT1/cmss/m/n --> OT1/lmss/m/n on input line 32.
LaTeX Font Info:    Overwriting math alphabet `\mathit' in version `normal'
(Font)                  OT1/cmr/m/it --> OT1/lmr/m/it on input line 33.
LaTeX Font Info:    Overwriting math alphabet `\mathtt' in version `normal'
(Font)                  OT1/cmtt/m/n --> OT1/lmtt/m/n on input line 34.
LaTeX Font Info:    Overwriting math alphabet `\mathbf' in version `bold'
(Font)                  OT1/cmr/bx/n --> OT1/lmr/bx/n on input line 35.
LaTeX Font Info:    Overwriting math alphabet `\mathsf' in version `bold'
(Font)                  OT1/cmss/bx/n --> OT1/lmss/bx/n on input line 36.
LaTeX Font Info:    Overwriting math alphabet `\mathit' in version `bold'
(Font)                  OT1/cmr/bx/it --> OT1/lmr/bx/it on input line 37.
LaTeX Font Info:    Overwriting math alphabet `\mathtt' in version `bold'
(Font)                  OT1/cmtt/m/n --> OT1/lmtt/m/n on input line 38.
) (c:/Users/vacek/AppData/Roaming/TinyTeX/texmf-dist/tex/latex/upquote/upquote.sty
Package: upquote 2012/04/19 v1.3 upright-quote and grave-accent glyphs in verbatim
(c:/Users/vacek/AppData/Roaming/TinyTeX/texmf-dist/tex/latex/base/textcomp.sty
Package: textcomp 2024/04/24 v2.1b Standard LaTeX package
)) (c:/Users/vacek/AppData/Roaming/TinyTeX/texmf-dist/tex/latex/microtype/microtype.sty
Package: microtype 2026/03/01 v3.2d Micro-typographical refinements (RS)
\MT@toks=\toks23
\MT@tempbox=\box57
\MT@count=\count312
LaTeX Info: Redefining \noprotrusionifhmode on input line 1084.
LaTeX Info: Redefining \leftprotrusion on input line 1085.
\MT@prot@toks=\toks24
LaTeX Info: Redefining \rightprotrusion on input line 1104.
LaTeX Info: Redefining \textls on input line 1449.
\MT@outer@kern=\dimen162
LaTeX Info: Redefining \microtypecontext on input line 2053.
LaTeX Info: Redefining \textmicrotypecontext on input line 2070.
\MT@listname@count=\count313
(c:/Users/vacek/AppData/Roaming/TinyTeX/texmf-dist/tex/latex/microtype/microtype-luatex.def
File: microtype-luatex.def 2026/03/01 v3.2d Definitions specific to luatex (RS)
Lua module: microtype 2026/03/01 v3.2d microtype module.
Module microtype Info: overwriting function `keepligature' on input line 63
LaTeX Info: Redefining \lsstyle on input line 779.
LaTeX Info: Redefining \lslig on input line 779.
\MT@outer@space=\skip69
)
Package microtype Info: Loading configuration file microtype.cfg.
(c:/Users/vacek/AppData/Roaming/TinyTeX/texmf-dist/tex/latex/microtype/microtype.cfg
File: microtype.cfg 2026/03/01 v3.2d microtype main configuration file (RS)
)
LaTeX Info: Redefining \microtypesetup on input line 3065.
) (c:/Users/vacek/AppData/Roaming/TinyTeX/texmf-dist/tex/latex/tools/longtable.sty
Package: longtable 2026-01-28 v4.27 Multi-page Table package (DPC)
\LTleft=\skip70
\LTright=\skip71
\LTpre=\skip72
\LTpost=\skip73
\LTchunksize=\count314
\LTcapwidth=\dimen163
\LT@head=\box58
\LT@firsthead=\box59
\LT@foot=\box60
\LT@lastfoot=\box61
\LT@gbox=\box62
\LT@cols=\count315
\LT@rows=\count316
\c@LT@tables=\count317
\c@LT@chunks=\count318
\LT@p@ftn=\toks25
)
Class scrreprt Info: longtable captions redefined on input line 71.
(c:/Users/vacek/AppData/Roaming/TinyTeX/texmf-dist/tex/latex/booktabs/booktabs.sty
Package: booktabs 2020/01/12 v1.61803398 Publication quality tables
\heavyrulewidth=\dimen164
\lightrulewidth=\dimen165
\cmidrulewidth=\dimen166
\belowrulesep=\dimen167
\belowbottomsep=\dimen168
\aboverulesep=\dimen169
\abovetopsep=\dimen170
\cmidrulesep=\dimen171
\cmidrulekern=\dimen172
\defaultaddspace=\dimen173
\@cmidla=\count319
\@cmidlb=\count320
\@aboverulesep=\dimen174
\@belowrulesep=\dimen175
\@thisruleclass=\count321
\@lastruleclass=\count322
\@thisrulewidth=\dimen176
) (c:/Users/vacek/AppData/Roaming/TinyTeX/texmf-dist/tex/latex/tools/array.sty
Package: array 2026/02/24 v2.7b Tabular extension package (FMi)
\col@sep=\dimen177
\ar@mcellbox=\box63
\extrarowheight=\dimen178
\NC@list=\toks26
\extratabsurround=\skip74
\backup@length=\skip75
\ar@cellbox=\box64
) (c:/Users/vacek/AppData/Roaming/TinyTeX/texmf-dist/tex/latex/tools/calc.sty
Package: calc 2025/03/01 v4.3b Infix arithmetic (KKT,FJ)
\calc@Acount=\count323
\calc@Bcount=\count324
\calc@Adimen=\dimen179
\calc@Bdimen=\dimen180
\calc@Askip=\skip76
\calc@Bskip=\skip77
LaTeX Info: Redefining \setlength on input line 86.
LaTeX Info: Redefining \addtolength on input line 87.
\calc@Ccount=\count325
\calc@Cskip=\skip78
) (c:/Users/vacek/AppData/Roaming/TinyTeX/texmf-dist/tex/latex/mdwtools/footnote.sty
Package: footnote 1997/01/28 1.13 Save footnotes around boxes
\fn@notes=\box65
\fn@width=\dimen181
) (c:/Users/vacek/AppData/Roaming/TinyTeX/texmf-dist/tex/latex/graphics/graphicx.sty
Package: graphicx 2026-05-17 v1.2e Enhanced LaTeX Graphics (DPC,SPQR)
(c:/Users/vacek/AppData/Roaming/TinyTeX/texmf-dist/tex/latex/graphics/graphics.sty
Package: graphics 2026-05-17 v1.4h Standard LaTeX Graphics (DPC,SPQR)
(c:/Users/vacek/AppData/Roaming/TinyTeX/texmf-dist/tex/latex/graphics/trig.sty
Package: trig 2023/12/02 v1.11 sin cos tan (DPC)
) (c:/Users/vacek/AppData/Roaming/TinyTeX/texmf-dist/tex/latex/graphics-cfg/graphics.cfg
File: graphics.cfg 2016/06/04 v1.11 sample graphics configuration
)
Package graphics Info: Driver file: luatex.def on input line 106.
)
\Gin@req@height=\dimen182
\Gin@req@width=\dimen183
)
\pandoc@box=\box66
\cslhangindent=\skip79
\csllabelwidth=\skip80
(c:/Users/vacek/AppData/Roaming/TinyTeX/texmf-dist/tex/generic/babel/babel.sty
Package: babel 2026/08/21 v26.11 The multilingual framework for LuaLaTeX, pdfLaTeX and XeLaTeX
(c:/Users/vacek/AppData/Roaming/TinyTeX/texmf-dist/tex/generic/babel/luababel.def
\bbl@readstream=\read2
\l@dumylang=\language2
Package babel Info: Non-standard hyphenation setup on input line 118.
\l@nohyphenation=\language3
\l@ukenglish=\language4
\l@usenglishmax=\language5
\l@french=\language6
\l@spanish=\language7
\babelcatcodetablenum=\catcodetable15
\bbl@pattcodes=\catcodetable16
)
\babel@savecnt=\count326
LaTeX Encoding Info:    Redeclaring text command \ij (encoding OT1) on input line 2105.
LaTeX Encoding Info:    Redeclaring text command \IJ (encoding OT1) on input line 2107.
LaTeX Encoding Info:    Redeclaring text command \ij (encoding T1) on input line 2109.
LaTeX Encoding Info:    Redeclaring text command \IJ (encoding T1) on input line 2110.
LaTeX Encoding Info:    Ignoring declaration for text command \ij (encoding ?) on input line 2111.
LaTeX Encoding Info:    Ignoring declaration for text command \IJ (encoding ?) on input line 2113.
LaTeX Encoding Info:    Ignoring declaration for text command \SS (encoding ?) on input line 2138.
\U@D=\dimen184
\l@unhyphenated=\language8
(c:/Users/vacek/AppData/Roaming/TinyTeX/texmf-dist/tex/generic/babel/luababel.def
\bbl@attr@locale=\attribute4
(c:/Users/vacek/AppData/Roaming/TinyTeX/texmf-dist/tex/luatex/luatexbase/luatexbase.sty
Package: luatexbase 2015/10/04 v1.3 luatexbase interface to LuaTeX 
(c:/Users/vacek/AppData/Roaming/TinyTeX/texmf-dist/tex/luatex/ctablestack/ctablestack.sty
Package: ctablestack 2015/10/01 v1.0 Catcode table stable support
\@catcodetablestackcnt=\count327
)
\CatcodeTableOther=\catcodetable17
\CatcodeTableExpl=\catcodetable18
)
Removing  `luaotfload.node_processor' from `pre_linebreak_filter'.
Inserting `Babel.pre_otfload_v' in `pre_linebreak_filter'.
Inserting `luaotfload.node_processor' in `pre_linebreak_filter'.
Removing  `luaotfload.node_processor' from `hpack_filter'.
Removing  `luaotfload.harf.finalize_hlist' from `hpack_filter'.
Inserting `Babel.pre_otfload_h' in `hpack_filter'.
Inserting `luaotfload.node_processor' in `hpack_filter'.
Inserting `luaotfload.harf.finalize_hlist' in `hpack_filter'.
\bbl@attr@dir=\attribute5
) (c:/Users/vacek/AppData/Roaming/TinyTeX/texmf-dist/tex/generic/babel/locale/es/babel-spanish.tex)
Package babel Info: Importing font and identification data for 'spanish'
(babel)             from babel-es.ini. Reported on input line 4460.
(c:/Users/vacek/AppData/Roaming/TinyTeX/texmf-dist/tex/generic/babel-spanish/spanish.ldf
Language: spanish.ldf 2021/05/27 v5.0q Spanish support from the babel system
\es@quottoks=\toks27
\es@quotdepth=\count328
Package babel Info: Making " an active character on input line 570.
Package babel Info: Making . an active character on input line 675.
Package babel Info: Making < an active character on input line 722.
Package babel Info: Making > an active character on input line 722.
(c:/Users/vacek/AppData/Roaming/TinyTeX/texmf-dist/tex/generic/hyph-utf8/loadhyph/loadhyph-es.tex UTF-8 Spanish hyphenation patterns (c:/Users/vacek/AppData/Roaming/TinyTeX/texmf-dist/tex/generic/hyph-utf8/patterns/tex/hyph-es.tex))))
LaTeX Encoding Info:    Redeclaring text command \guillemotleft (encoding OT1) on input line 133.
LaTeX Encoding Info:    Redeclaring text command \guillemotright (encoding OT1) on input line 133.
(c:/Users/vacek/AppData/Roaming/TinyTeX/texmf-dist/tex/latex/tcolorbox/tcolorbox.sty
Package: tcolorbox 2026/05/28 version 6.10.0 text color boxes
(c:/Users/vacek/AppData/Roaming/TinyTeX/texmf-dist/tex/latex/pgf/frontendlayer/tikz.sty (c:/Users/vacek/AppData/Roaming/TinyTeX/texmf-dist/tex/latex/pgf/basiclayer/pgf.sty (c:/Users/vacek/AppData/Roaming/TinyTeX/texmf-dist/tex/latex/pgf/utilities/pgfrcs.sty (c:/Users/vacek/AppData/Roaming/TinyTeX/texmf-dist/tex/generic/pgf/utilities/pgfutil-common.tex
\pgfutil@everybye=\toks28
\pgfutil@tempdima=\dimen185
\pgfutil@tempdimb=\dimen186
) (c:/Users/vacek/AppData/Roaming/TinyTeX/texmf-dist/tex/generic/pgf/utilities/pgfutil-latex.def
\pgfutil@abb=\box67
) (c:/Users/vacek/AppData/Roaming/TinyTeX/texmf-dist/tex/generic/pgf/utilities/pgfrcs.code.tex (c:/Users/vacek/AppData/Roaming/TinyTeX/texmf-dist/tex/generic/pgf/pgf.revision.tex)
Package: pgfrcs 2026-08-01 v3.1.12 (3.1.12)
))
Package: pgf 2026-08-01 v3.1.12 (3.1.12)
(c:/Users/vacek/AppData/Roaming/TinyTeX/texmf-dist/tex/latex/pgf/basiclayer/pgfcore.sty (c:/Users/vacek/AppData/Roaming/TinyTeX/texmf-dist/tex/latex/pgf/systemlayer/pgfsys.sty (c:/Users/vacek/AppData/Roaming/TinyTeX/texmf-dist/tex/generic/pgf/systemlayer/pgfsys.code.tex
Package: pgfsys 2026-08-01 v3.1.12 (3.1.12)
(c:/Users/vacek/AppData/Roaming/TinyTeX/texmf-dist/tex/generic/pgf/utilities/pgfkeys.code.tex
\pgfkeys@pathtoks=\toks29
\pgfkeys@temptoks=\toks30
(c:/Users/vacek/AppData/Roaming/TinyTeX/texmf-dist/tex/generic/pgf/utilities/pgfkeyslibraryfiltered.code.tex
\pgfkeys@tmptoks=\toks31
))
\pgf@x=\dimen187
\pgf@y=\dimen188
\pgf@xa=\dimen189
\pgf@ya=\dimen190
\pgf@xb=\dimen191
\pgf@yb=\dimen192
\pgf@xc=\dimen193
\pgf@yc=\dimen194
\pgf@xd=\dimen195
\pgf@yd=\dimen196
\w@pgf@writea=\write3
\r@pgf@reada=\read3
\c@pgf@counta=\count329
\c@pgf@countb=\count330
\c@pgf@countc=\count331
\c@pgf@countd=\count332
\t@pgf@toka=\toks32
\t@pgf@tokb=\toks33
\t@pgf@tokc=\toks34
\pgf@sys@id@count=\count333
Lua function pgfsys@strcmp = 31 (c:/Users/vacek/AppData/Roaming/TinyTeX/texmf-dist/tex/generic/pgf/systemlayer/pgf.cfg
File: pgf.cfg 2026-08-01 v3.1.12 (3.1.12)
)
Driver file for pgf: pgfsys-luatex.def
(c:/Users/vacek/AppData/Roaming/TinyTeX/texmf-dist/tex/generic/pgf/systemlayer/pgfsys-luatex.def
File: pgfsys-luatex.def 2026-08-01 v3.1.12 (3.1.12)
(c:/Users/vacek/AppData/Roaming/TinyTeX/texmf-dist/tex/generic/pgf/systemlayer/pgfsys-common-pdf.def
File: pgfsys-common-pdf.def 2026-08-01 v3.1.12 (3.1.12)
))) (c:/Users/vacek/AppData/Roaming/TinyTeX/texmf-dist/tex/generic/pgf/systemlayer/pgfsyssoftpath.code.tex
File: pgfsyssoftpath.code.tex 2026-08-01 v3.1.12 (3.1.12)
\pgfsyssoftpath@smallbuffer@items=\count334
\pgfsyssoftpath@bigbuffer@items=\count335
) (c:/Users/vacek/AppData/Roaming/TinyTeX/texmf-dist/tex/generic/pgf/systemlayer/pgfsysprotocol.code.tex
File: pgfsysprotocol.code.tex 2026-08-01 v3.1.12 (3.1.12)
)) (c:/Users/vacek/AppData/Roaming/TinyTeX/texmf-dist/tex/generic/pgf/basiclayer/pgfcore.code.tex
Package: pgfcore 2026-08-01 v3.1.12 (3.1.12)
(c:/Users/vacek/AppData/Roaming/TinyTeX/texmf-dist/tex/generic/pgf/math/pgfmath.code.tex (c:/Users/vacek/AppData/Roaming/TinyTeX/texmf-dist/tex/generic/pgf/math/pgfmathutil.code.tex) (c:/Users/vacek/AppData/Roaming/TinyTeX/texmf-dist/tex/generic/pgf/math/pgfmathparser.code.tex
\pgfmath@dimen=\dimen197
\pgfmath@count=\count336
\pgfmath@box=\box68
\pgfmath@toks=\toks35
\pgfmath@stack@operand=\toks36
\pgfmath@stack@operation=\toks37
) (c:/Users/vacek/AppData/Roaming/TinyTeX/texmf-dist/tex/generic/pgf/math/pgfmathfunctions.code.tex) (c:/Users/vacek/AppData/Roaming/TinyTeX/texmf-dist/tex/generic/pgf/math/pgfmathfunctions.basic.code.tex) (c:/Users/vacek/AppData/Roaming/TinyTeX/texmf-dist/tex/generic/pgf/math/pgfmathfunctions.trigonometric.code.tex) (c:/Users/vacek/AppData/Roaming/TinyTeX/texmf-dist/tex/generic/pgf/math/pgfmathfunctions.random.code.tex) (c:/Users/vacek/AppData/Roaming/TinyTeX/texmf-dist/tex/generic/pgf/math/pgfmathfunctions.comparison.code.tex) (c:/Users/vacek/AppData/Roaming/TinyTeX/texmf-dist/tex/generic/pgf/math/pgfmathfunctions.base.code.tex) (c:/Users/vacek/AppData/Roaming/TinyTeX/texmf-dist/tex/generic/pgf/math/pgfmathfunctions.round.code.tex) (c:/Users/vacek/AppData/Roaming/TinyTeX/texmf-dist/tex/generic/pgf/math/pgfmathfunctions.misc.code.tex) (c:/Users/vacek/AppData/Roaming/TinyTeX/texmf-dist/tex/generic/pgf/math/pgfmathfunctions.integerarithmetics.code.tex) (c:/Users/vacek/AppData/Roaming/TinyTeX/texmf-dist/tex/generic/pgf/math/pgfmathcalc.code.tex) (c:/Users/vacek/AppData/Roaming/TinyTeX/texmf-dist/tex/generic/pgf/math/pgfmathfloat.code.tex
\c@pgfmathroundto@lastzeros=\count337
)) (c:/Users/vacek/AppData/Roaming/TinyTeX/texmf-dist/tex/generic/pgf/math/pgfint.code.tex) (c:/Users/vacek/AppData/Roaming/TinyTeX/texmf-dist/tex/generic/pgf/basiclayer/pgfcorepoints.code.tex
File: pgfcorepoints.code.tex 2026-08-01 v3.1.12 (3.1.12)
\pgf@picminx=\dimen198
\pgf@picmaxx=\dimen199
\pgf@picminy=\dimen256
\pgf@picmaxy=\dimen257
\pgf@pathminx=\dimen258
\pgf@pathmaxx=\dimen259
\pgf@pathminy=\dimen260
\pgf@pathmaxy=\dimen261
\pgf@xx=\dimen262
\pgf@xy=\dimen263
\pgf@yx=\dimen264
\pgf@yy=\dimen265
\pgf@zx=\dimen266
\pgf@zy=\dimen267
) (c:/Users/vacek/AppData/Roaming/TinyTeX/texmf-dist/tex/generic/pgf/basiclayer/pgfcorepathconstruct.code.tex
File: pgfcorepathconstruct.code.tex 2026-08-01 v3.1.12 (3.1.12)
\pgf@path@lastx=\dimen268
\pgf@path@lasty=\dimen269
) (c:/Users/vacek/AppData/Roaming/TinyTeX/texmf-dist/tex/generic/pgf/basiclayer/pgfcorepathusage.code.tex
File: pgfcorepathusage.code.tex 2026-08-01 v3.1.12 (3.1.12)
\pgf@shorten@end@additional=\dimen270
\pgf@shorten@start@additional=\dimen271
) (c:/Users/vacek/AppData/Roaming/TinyTeX/texmf-dist/tex/generic/pgf/basiclayer/pgfcorescopes.code.tex
File: pgfcorescopes.code.tex 2026-08-01 v3.1.12 (3.1.12)
\pgfpic=\box69
\pgf@hbox=\box70
\pgf@layerbox@main=\box71
\pgf@picture@serial@count=\count338
) (c:/Users/vacek/AppData/Roaming/TinyTeX/texmf-dist/tex/generic/pgf/basiclayer/pgfcoregraphicstate.code.tex
File: pgfcoregraphicstate.code.tex 2026-08-01 v3.1.12 (3.1.12)
\pgflinewidth=\dimen272
) (c:/Users/vacek/AppData/Roaming/TinyTeX/texmf-dist/tex/generic/pgf/basiclayer/pgfcoretransformations.code.tex
File: pgfcoretransformations.code.tex 2026-08-01 v3.1.12 (3.1.12)
\pgf@pt@x=\dimen273
\pgf@pt@y=\dimen274
\pgf@pt@temp=\dimen275
) (c:/Users/vacek/AppData/Roaming/TinyTeX/texmf-dist/tex/generic/pgf/basiclayer/pgfcorequick.code.tex
File: pgfcorequick.code.tex 2026-08-01 v3.1.12 (3.1.12)
) (c:/Users/vacek/AppData/Roaming/TinyTeX/texmf-dist/tex/generic/pgf/basiclayer/pgfcoreobjects.code.tex
File: pgfcoreobjects.code.tex 2026-08-01 v3.1.12 (3.1.12)
) (c:/Users/vacek/AppData/Roaming/TinyTeX/texmf-dist/tex/generic/pgf/basiclayer/pgfcorepathprocessing.code.tex
File: pgfcorepathprocessing.code.tex 2026-08-01 v3.1.12 (3.1.12)
) (c:/Users/vacek/AppData/Roaming/TinyTeX/texmf-dist/tex/generic/pgf/basiclayer/pgfcorearrows.code.tex
File: pgfcorearrows.code.tex 2026-08-01 v3.1.12 (3.1.12)
\pgfarrowsep=\dimen276
) (c:/Users/vacek/AppData/Roaming/TinyTeX/texmf-dist/tex/generic/pgf/basiclayer/pgfcoreshade.code.tex
File: pgfcoreshade.code.tex 2026-08-01 v3.1.12 (3.1.12)
\pgf@max=\dimen277
\pgf@sys@shading@range@num=\count339
\pgf@shadingcount=\count340
) (c:/Users/vacek/AppData/Roaming/TinyTeX/texmf-dist/tex/generic/pgf/basiclayer/pgfcoreimage.code.tex
File: pgfcoreimage.code.tex 2026-08-01 v3.1.12 (3.1.12)
) (c:/Users/vacek/AppData/Roaming/TinyTeX/texmf-dist/tex/generic/pgf/basiclayer/pgfcoreexternal.code.tex
File: pgfcoreexternal.code.tex 2026-08-01 v3.1.12 (3.1.12)
\pgfexternal@startupbox=\box72
) (c:/Users/vacek/AppData/Roaming/TinyTeX/texmf-dist/tex/generic/pgf/basiclayer/pgfcorelayers.code.tex
File: pgfcorelayers.code.tex 2026-08-01 v3.1.12 (3.1.12)
) (c:/Users/vacek/AppData/Roaming/TinyTeX/texmf-dist/tex/generic/pgf/basiclayer/pgfcoretransparency.code.tex
File: pgfcoretransparency.code.tex 2026-08-01 v3.1.12 (3.1.12)
) (c:/Users/vacek/AppData/Roaming/TinyTeX/texmf-dist/tex/generic/pgf/basiclayer/pgfcorepatterns.code.tex
File: pgfcorepatterns.code.tex 2026-08-01 v3.1.12 (3.1.12)
) (c:/Users/vacek/AppData/Roaming/TinyTeX/texmf-dist/tex/generic/pgf/basiclayer/pgfcorerdf.code.tex
File: pgfcorerdf.code.tex 2026-08-01 v3.1.12 (3.1.12)
))) (c:/Users/vacek/AppData/Roaming/TinyTeX/texmf-dist/tex/generic/pgf/modules/pgfmoduleshapes.code.tex
File: pgfmoduleshapes.code.tex 2026-08-01 v3.1.12 (3.1.12)
\pgfnodeparttextbox=\box73
) (c:/Users/vacek/AppData/Roaming/TinyTeX/texmf-dist/tex/generic/pgf/modules/pgfmoduleplot.code.tex
File: pgfmoduleplot.code.tex 2026-08-01 v3.1.12 (3.1.12)
) (c:/Users/vacek/AppData/Roaming/TinyTeX/texmf-dist/tex/latex/pgf/compatibility/pgfcomp-version-0-65.sty
Package: pgfcomp-version-0-65 2026-08-01 v3.1.12 (3.1.12)
\pgf@nodesepstart=\dimen278
\pgf@nodesepend=\dimen279
) (c:/Users/vacek/AppData/Roaming/TinyTeX/texmf-dist/tex/latex/pgf/compatibility/pgfcomp-version-1-18.sty
Package: pgfcomp-version-1-18 2026-08-01 v3.1.12 (3.1.12)
)) (c:/Users/vacek/AppData/Roaming/TinyTeX/texmf-dist/tex/latex/pgf/utilities/pgffor.sty (c:/Users/vacek/AppData/Roaming/TinyTeX/texmf-dist/tex/latex/pgf/utilities/pgfkeys.sty (c:/Users/vacek/AppData/Roaming/TinyTeX/texmf-dist/tex/generic/pgf/utilities/pgfkeys.code.tex)) (c:/Users/vacek/AppData/Roaming/TinyTeX/texmf-dist/tex/latex/pgf/math/pgfmath.sty (c:/Users/vacek/AppData/Roaming/TinyTeX/texmf-dist/tex/generic/pgf/math/pgfmath.code.tex)) (c:/Users/vacek/AppData/Roaming/TinyTeX/texmf-dist/tex/generic/pgf/utilities/pgffor.code.tex
Package: pgffor 2026-08-01 v3.1.12 (3.1.12)
\pgffor@iter=\dimen280
\pgffor@skip=\dimen281
\pgffor@stack=\toks38
\pgffor@toks=\toks39
)) (c:/Users/vacek/AppData/Roaming/TinyTeX/texmf-dist/tex/generic/pgf/frontendlayer/tikz/tikz.code.tex
Package: tikz 2026-08-01 v3.1.12 (3.1.12)
(c:/Users/vacek/AppData/Roaming/TinyTeX/texmf-dist/tex/generic/pgf/libraries/pgflibraryplothandlers.code.tex
File: pgflibraryplothandlers.code.tex 2026-08-01 v3.1.12 (3.1.12)
\pgf@plot@mark@count=\count341
\pgfplotmarksize=\dimen282
)
\tikz@lastx=\dimen283
\tikz@lasty=\dimen284
\tikz@lastxsaved=\dimen285
\tikz@lastysaved=\dimen286
\tikz@lastmovetox=\dimen287
\tikz@lastmovetoy=\dimen288
\tikzleveldistance=\dimen289
\tikzsiblingdistance=\dimen290
\tikz@figbox=\box74
\tikz@figbox@bg=\box75
\tikz@tempbox=\box76
\tikz@tempbox@bg=\box77
\tikztreelevel=\count342
\tikznumberofchildren=\count343
\tikznumberofcurrentchild=\count344
\tikz@fig@count=\count345
(c:/Users/vacek/AppData/Roaming/TinyTeX/texmf-dist/tex/generic/pgf/modules/pgfmodulematrix.code.tex
File: pgfmodulematrix.code.tex 2026-08-01 v3.1.12 (3.1.12)
\pgfmatrixcurrentrow=\count346
\pgfmatrixcurrentcolumn=\count347
\pgf@matrix@numberofcolumns=\count348
)
\tikz@expandcount=\count349
(c:/Users/vacek/AppData/Roaming/TinyTeX/texmf-dist/tex/generic/pgf/frontendlayer/tikz/libraries/tikzlibrarytopaths.code.tex
File: tikzlibrarytopaths.code.tex 2026-08-01 v3.1.12 (3.1.12)
))) (c:/Users/vacek/AppData/Roaming/TinyTeX/texmf-dist/tex/latex/tools/verbatim.sty
Package: verbatim 2024-01-22 v1.5x LaTeX2e package for verbatim enhancements
\every@verbatim=\toks40
\verbatim@line=\toks41
\verbatim@in@stream=\read4
) (c:/Users/vacek/AppData/Roaming/TinyTeX/texmf-dist/tex/latex/environ/environ.sty
Package: environ 2014/05/04 v0.3 A new way to define environments
(c:/Users/vacek/AppData/Roaming/TinyTeX/texmf-dist/tex/latex/trimspaces/trimspaces.sty
Package: trimspaces 2009/09/17 v1.1 Trim spaces around a token list
))
\tcb@titlebox=\box78
\tcb@upperbox=\box79
\tcb@lowerbox=\box80
\tcb@phantombox=\box81
\c@tcbbreakpart=\count350
\c@tcblayer=\count351
\c@tcolorbox@number=\count352
\l__tcobox_tmpa_box=\box82
\l__tcobox_tmpa_dim=\dimen291
\tcb@temp=\box83
\tcb@temp=\box84
\tcb@temp=\box85
\tcb@temp=\box86
) (c:/Users/vacek/AppData/Roaming/TinyTeX/texmf-dist/tex/latex/tcolorbox/tcbskins.code.tex
Library (tcolorbox): 'tcbskins.code.tex' version '6.10.0'
(c:/Users/vacek/AppData/Roaming/TinyTeX/texmf-dist/tex/latex/tikzfill/tikzfill.image.sty
Package: tikzfill.image 2026/04/23 v1.2.0 Image filling library for TikZ
(c:/Users/vacek/AppData/Roaming/TinyTeX/texmf-dist/tex/latex/tikzfill/tikzlibraryfill.image.code.tex
File: tikzlibraryfill.image.code.tex 2026/04/23 v1.2.0 Image filling library
\l__tikzfill_tmpa_dim=\dimen292
\l__tikzfill_tmpb_dim=\dimen293
\l__tikzfill_img_box=\box87
)) (c:/Users/vacek/AppData/Roaming/TinyTeX/texmf-dist/tex/latex/tcolorbox/tcbskinsjigsaw.code.tex
Library (tcolorbox): 'tcbskinsjigsaw.code.tex' version '6.10.0'
)) (c:/Users/vacek/AppData/Roaming/TinyTeX/texmf-dist/tex/latex/tcolorbox/tcbbreakable.code.tex
Library (tcolorbox): 'tcbbreakable.code.tex' version '6.10.0'
(c:/Users/vacek/AppData/Roaming/TinyTeX/texmf-dist/tex/latex/pdfcol/pdfcol.sty
Package: pdfcol 2026-06-20 v1.8 Handle new color stacks for pdfTeX (HO)
(c:/Users/vacek/AppData/Roaming/TinyTeX/texmf-dist/tex/generic/ltxcmds/ltxcmds.sty
Package: ltxcmds 2023-12-04 v1.26 LaTeX kernel commands for general use (HO)
) (c:/Users/vacek/AppData/Roaming/TinyTeX/texmf-dist/tex/generic/infwarerr/infwarerr.sty
Package: infwarerr 2019/12/03 v1.5 Providing info/warning/error messages (HO)
))
Package pdfcol Info: New color stack `tcb@breakable' = 1 on input line 23.
\tcb@testbox=\box88
\tcb@totalupperbox=\box89
\tcb@totallowerbox=\box90
(c:/Users/vacek/AppData/Roaming/TinyTeX/texmf-dist/tex/generic/iftex/ifluatex.sty
Package: ifluatex 2019/10/25 v1.5 ifluatex legacy package. Use iftex instead.
)) (c:/Users/vacek/AppData/Roaming/TinyTeX/texmf-dist/tex/latex/framed/framed.sty
Package: framed 2011/10/22 v 0.96: framed or shaded text with page breaks
\OuterFrameSep=\skip81
\fb@frw=\dimen294
\fb@frh=\dimen295
\FrameRule=\dimen296
\FrameSep=\dimen297
) (c:/Users/vacek/AppData/Roaming/TinyTeX/texmf-dist/tex/latex/fontawesome5/fontawesome5.sty
Package: fontawesome5 2022/05/02 v5.15.4 Font Awesome 5
(c:/Users/vacek/AppData/Roaming/TinyTeX/texmf-dist/tex/latex/fontawesome5/fontawesome5-utex-helper.sty
Package: fontawesome5-utex-helper 2022/05/02 v5.15.4 uTeX helper for fontawesome5
LaTeX Font Info:    Trying to load font information for TU+fontawesomefree on input line 69.
(c:/Users/vacek/AppData/Roaming/TinyTeX/texmf-dist/tex/latex/fontawesome5/tufontawesomefree.fd)
LaTeX Font Info:    Trying to load font information for TU+fontawesomebrands on input line 70.
(c:/Users/vacek/AppData/Roaming/TinyTeX/texmf-dist/tex/latex/fontawesome5/tufontawesomebrands.fd))) (c:/Users/vacek/AppData/Roaming/TinyTeX/texmf-dist/tex/latex/bookmark/bookmark.sty
Package: bookmark 2026-05-21 v1.32 PDF bookmarks (HO)
(c:/Users/vacek/AppData/Roaming/TinyTeX/texmf-dist/tex/latex/hyperref/hyperref.sty
Package: hyperref 2026-06-17 v7.01r Hypertext links for LaTeX
(c:/Users/vacek/AppData/Roaming/TinyTeX/texmf-dist/tex/latex/kvsetkeys/kvsetkeys.sty
Package: kvsetkeys 2022-10-05 v1.19 Key value parser (HO)
) (c:/Users/vacek/AppData/Roaming/TinyTeX/texmf-dist/tex/generic/kvdefinekeys/kvdefinekeys.sty
Package: kvdefinekeys 2019-12-19 v1.6 Define keys (HO)
) (c:/Users/vacek/AppData/Roaming/TinyTeX/texmf-dist/tex/generic/pdfescape/pdfescape.sty
Package: pdfescape 2019/12/09 v1.15 Implements pdfTeX's escape features (HO)
(c:/Users/vacek/AppData/Roaming/TinyTeX/texmf-dist/tex/generic/pdftexcmds/pdftexcmds.sty
Package: pdftexcmds 2020-06-27 v0.33 Utility functions of pdfTeX for LuaTeX (HO)
Package pdftexcmds Info: \pdf@primitive is available.
Package pdftexcmds Info: \pdf@ifprimitive is available.
Package pdftexcmds Info: \pdfdraftmode found.
\pdftexcmds@toks=\toks42
)) (c:/Users/vacek/AppData/Roaming/TinyTeX/texmf-dist/tex/latex/hycolor/hycolor.sty
Package: hycolor 2020-01-27 v1.10 Color options for hyperref/bookmark (HO)
) (c:/Users/vacek/AppData/Roaming/TinyTeX/texmf-dist/tex/latex/hyperref/nameref.sty
Package: nameref 2026-01-29 v2.58 Cross-referencing by name of section
(c:/Users/vacek/AppData/Roaming/TinyTeX/texmf-dist/tex/latex/refcount/refcount.sty
Package: refcount 2019/12/15 v3.6 Data extraction from label references (HO)
) (c:/Users/vacek/AppData/Roaming/TinyTeX/texmf-dist/tex/generic/gettitlestring/gettitlestring.sty
Package: gettitlestring 2019/12/15 v1.6 Cleanup title references (HO)
(c:/Users/vacek/AppData/Roaming/TinyTeX/texmf-dist/tex/latex/kvoptions/kvoptions.sty
Package: kvoptions 2022-06-15 v3.15 Key value format for package options (HO)
))
\c@section@level=\count353
) (c:/Users/vacek/AppData/Roaming/TinyTeX/texmf-dist/tex/generic/stringenc/stringenc.sty
Package: stringenc 2019/11/29 v1.12 Convert strings between diff. encodings (HO)
)
\@linkdim=\dimen298
\Hy@linkcounter=\count354
\Hy@pagecounter=\count355
(c:/Users/vacek/AppData/Roaming/TinyTeX/texmf-dist/tex/latex/hyperref/pd1enc.def
File: pd1enc.def 2026-06-17 v7.01r Hyperref: PDFDocEncoding definition (HO)
) (c:/Users/vacek/AppData/Roaming/TinyTeX/texmf-dist/tex/generic/intcalc/intcalc.sty
Package: intcalc 2019/12/15 v1.3 Expandable calculations with integers (HO)
)
\Hy@SavedSpaceFactor=\count356
(c:/Users/vacek/AppData/Roaming/TinyTeX/texmf-dist/tex/latex/hyperref/puenc.def
File: puenc.def 2026-06-17 v7.01r Hyperref: PDF Unicode definition (HO)
)
Package hyperref Info: Option `unicode' set `true' on input line 4070.
Package hyperref Info: Hyper figures OFF on input line 4199.
Package hyperref Info: Link nesting OFF on input line 4204.
Package hyperref Info: Hyper index ON on input line 4207.
Package hyperref Info: Plain pages OFF on input line 4214.
Package hyperref Info: Backreferencing OFF on input line 4219.
Package hyperref Info: Implicit mode ON; LaTeX internals redefined.
Package hyperref Info: Bookmarks ON on input line 4466.
\c@Hy@tempcnt=\count357
(c:/Users/vacek/AppData/Roaming/TinyTeX/texmf-dist/tex/latex/url/url.sty
\Urlmuskip=\muskip19
Package: url 2013/09/16  ver 3.4  Verb mode for urls, etc.
)
LaTeX Info: Redefining \url on input line 4805.
\XeTeXLinkMargin=\dimen299
(c:/Users/vacek/AppData/Roaming/TinyTeX/texmf-dist/tex/generic/bitset/bitset.sty
Package: bitset 2019/12/09 v1.3 Handle bit-vector datatype (HO)
(c:/Users/vacek/AppData/Roaming/TinyTeX/texmf-dist/tex/generic/bigintcalc/bigintcalc.sty
Package: bigintcalc 2019/12/15 v1.5 Expandable calculations on big integers (HO)
))
\Fld@menulength=\count358
\Field@Width=\dimen300
\Fld@charsize=\dimen301
Package hyperref Info: Hyper figures OFF on input line 6091.
Package hyperref Info: Link nesting OFF on input line 6096.
Package hyperref Info: Hyper index ON on input line 6099.
Package hyperref Info: backreferencing OFF on input line 6106.
Package hyperref Info: Link coloring OFF on input line 6111.
Package hyperref Info: Link coloring with OCG OFF on input line 6116.
Package hyperref Info: PDF/A mode OFF on input line 6121.
\Hy@abspage=\count359
\c@Item=\count360
\c@Hfootnote=\count361
)
Package hyperref Info: Driver (autodetected): hluatex.
(c:/Users/vacek/AppData/Roaming/TinyTeX/texmf-dist/tex/latex/hyperref/hluatex.def
File: hluatex.def 2026-06-17 v7.01r Hyperref driver for luaTeX
\Fld@listcount=\count362
\c@bookmark@seq@number=\count363
(c:/Users/vacek/AppData/Roaming/TinyTeX/texmf-dist/tex/latex/rerunfilecheck/rerunfilecheck.sty
Package: rerunfilecheck 2025-06-21 v1.11 Rerun checks for auxiliary files (HO)
(c:/Users/vacek/AppData/Roaming/TinyTeX/texmf-dist/tex/generic/uniquecounter/uniquecounter.sty
Package: uniquecounter 2019/12/15 v1.4 Provide unlimited unique counter (HO)
)
Package uniquecounter Info: New unique counter `rerunfilecheck' on input line 284.
)
\Hy@SectionHShift=\skip82
) (c:/Users/vacek/AppData/Roaming/TinyTeX/texmf-dist/tex/latex/bookmark/bkm-luatex.def
File: bkm-luatex.def 2026-05-21 v1.32 bookmark driver for luaTeX (HO)
\BKM@id=\count364
)) (c:/Users/vacek/AppData/Roaming/TinyTeX/texmf-dist/tex/latex/caption/caption.sty
Package: caption 2023/08/05 v3.6o Customizing captions (AR)

Package tocbasic Info: Loading of class-dependent code for package caption3
(tocbasic)             prevented on line 50.

(c:/Users/vacek/AppData/Roaming/TinyTeX/texmf-dist/tex/latex/caption/caption3.sty
Package: caption3 2023/07/31 v2.4d caption3 kernel (AR)
\caption@tempdima=\dimen302
\captionmargin=\dimen303
\caption@leftmargin=\dimen304
\caption@rightmargin=\dimen305
\caption@width=\dimen306
\caption@indent=\dimen307
\caption@parindent=\dimen308
\caption@hangindent=\dimen309
)
\c@caption@flags=\count365
\c@continuedfloat=\count366
Package caption Info: hyperref package is loaded.
Package caption Info: longtable package is loaded.
(c:/Users/vacek/AppData/Roaming/TinyTeX/texmf-dist/tex/latex/caption/ltcaption.sty
Package: ltcaption 2021/01/08 v1.4c longtable captions (AR)
)) (c:/Users/vacek/AppData/Roaming/TinyTeX/texmf-dist/tex/latex/float/float.sty
Package: float 2001/11/08 v1.3d Float enhancements (AL)
\c@float@type=\count367
\float@exts=\toks43
\float@box=\box91
\@float@everytoks=\toks44
\@floatcapt=\box92
)
\@float@every@codelisting=\toks45
\c@codelisting=\count368
(c:/Users/vacek/AppData/Roaming/TinyTeX/texmf-dist/tex/latex/caption/subcaption.sty
Package: subcaption 2023/07/28 v1.6b Sub-captions (AR)
Package caption Info: New subtype `subfigure' on input line 238.
\c@subfigure=\count369
Package caption Info: New subtype `subtable' on input line 238.
\c@subtable=\count370
)
Package hyperref Info: Option `colorlinks' set `true' on input line 260.
No file index.aux.

\openout1 = index.aux
LaTeX Font Info:    Checking defaults for OML/cmm/m/it on input line 266.
LaTeX Font Info:    ... okay on input line 266.
LaTeX Font Info:    Checking defaults for OMS/cmsy/m/n on input line 266.
LaTeX Font Info:    ... okay on input line 266.
LaTeX Font Info:    Checking defaults for OT1/cmr/m/n on input line 266.
LaTeX Font Info:    ... okay on input line 266.
LaTeX Font Info:    Checking defaults for T1/cmr/m/n on input line 266.
LaTeX Font Info:    ... okay on input line 266.
LaTeX Font Info:    Checking defaults for TS1/cmr/m/n on input line 266.
LaTeX Font Info:    ... okay on input line 266.
LaTeX Font Info:    Checking defaults for TU/lmr/m/n on input line 266.
LaTeX Font Info:    ... okay on input line 266.
LaTeX Font Info:    Checking defaults for OMX/cmex/m/n on input line 266.
LaTeX Font Info:    ... okay on input line 266.
LaTeX Font Info:    Checking defaults for U/cmr/m/n on input line 266.
LaTeX Font Info:    ... okay on input line 266.
LaTeX Font Info:    Checking defaults for PD1/pdf/m/n on input line 266.
LaTeX Font Info:    ... okay on input line 266.
LaTeX Font Info:    Checking defaults for PU/pdf/m/n on input line 266.
LaTeX Font Info:    ... okay on input line 266.
(c:/Users/vacek/AppData/Roaming/TinyTeX/texmf-dist/tex/latex/epstopdf-pkg/epstopdf-base.sty
Package: epstopdf-base 2020-01-24 v2.11 Base part for package epstopdf
Package epstopdf-base Info: Redefining graphics rule for `.eps' on input line 485.
(c:/Users/vacek/AppData/Roaming/TinyTeX/texmf-dist/tex/latex/latexconfig/epstopdf-sys.cfg
File: epstopdf-sys.cfg 2010/07/13 v1.3 Configuration of (r)epstopdf for TeX Live
))
LaTeX Font Info:    Overwriting math alphabet `\mathrm' in version `normal'
(Font)                  OT1/lmr/m/n --> TU/lmr/m/n on input line 266.
LaTeX Font Info:    Overwriting math alphabet `\mathit' in version `normal'
(Font)                  OT1/lmr/m/it --> TU/lmr/m/it on input line 266.
LaTeX Font Info:    Overwriting math alphabet `\mathbf' in version `normal'
(Font)                  OT1/lmr/bx/n --> TU/lmr/bx/n on input line 266.
LaTeX Font Info:    Overwriting math alphabet `\mathsf' in version `normal'
(Font)                  OT1/lmss/m/n --> TU/lmss/m/n on input line 266.
LaTeX Font Info:    Overwriting math alphabet `\mathsf' in version `bold'
(Font)                  OT1/lmss/bx/n --> TU/lmss/bx/n on input line 266.
LaTeX Font Info:    Overwriting math alphabet `\mathtt' in version `normal'
(Font)                  OT1/lmtt/m/n --> TU/lmtt/m/n on input line 266.
LaTeX Font Info:    Overwriting math alphabet `\mathtt' in version `bold'
(Font)                  OT1/lmtt/m/n --> TU/lmtt/bx/n on input line 266.

Package fontspec Info: 
(fontspec)             latinmodern-math scale = 0.9999967668407183.


Package fontspec Info: 
(fontspec)             latinmodern-math scale = 0.9999967668407183.


Package fontspec Info: 
(fontspec)             latinmodern-math scale = 0.9999967668407183.


Package fontspec Info: 
(fontspec)             Font family 'latinmodern-math.otf(0)' created for font
(fontspec)             'latinmodern-math.otf' with options
(fontspec)             [Scale=MatchLowercase,Renderer=Basic,BoldItalicFont={},ItalicFont={},SmallCapsFont={},Script=Math,RawFeature={mathfontdimen=xetex},BoldFont={latinmodern-math.otf}].
(fontspec)              
(fontspec)              This font family consists of the following NFSS
(fontspec)             series/shapes:
(fontspec)              
(fontspec)             - 'normal' (m/n) with NFSS spec.:
(fontspec)             <->s*[0.9999967668407183]"[latinmodern-math.otf]:mode=base;script=math;language=dflt;mathfontdimen=xetex;"
(fontspec)             - 'bold' (b/n) with NFSS spec.:
(fontspec)             <->s*[0.9999967668407183]"[latinmodern-math.otf]:mode=base;script=math;language=dflt;mathfontdimen=xetex;"

LaTeX Font Info:    Font shape `TU/latinmodern-math.otf(0)/m/n' will be
(Font)              scaled to size 10.95pt on input line 266.

Package fontspec Info: 
(fontspec)             latinmodern-math scale = 0.9999967668407183.


Package fontspec Info: 
(fontspec)             latinmodern-math scale = 0.9999967668407183.


Package fontspec Info: 
(fontspec)             latinmodern-math scale = 0.9999967668407183.


Package fontspec Info: 
(fontspec)             latinmodern-math scale = 0.9999967668407183.


Package fontspec Info: 
(fontspec)             latinmodern-math scale = 0.9999967668407183.


Package fontspec Info: 
(fontspec)             Font family 'latinmodern-math.otf(1)' created for font
(fontspec)             'latinmodern-math.otf' with options
(fontspec)             [Scale=MatchLowercase,Renderer=Basic,BoldItalicFont={},ItalicFont={},SmallCapsFont={},Script=Math,SizeFeatures={{Size=9.3075-},{Size=6.57-9.3075,Font=latinmodern-math.otf,Style=MathScript},{Size=-6.57,Font=latinmodern-math.otf,Style=MathScriptScript}},RawFeature={mathfontdimen=xetex},BoldFont={latinmodern-math.otf}].
(fontspec)              
(fontspec)              This font family consists of the following NFSS
(fontspec)             series/shapes:
(fontspec)              
(fontspec)             - 'normal' (m/n) with NFSS spec.:
(fontspec)             <9.3075->s*[0.9999967668407183]"[latinmodern-math.otf]:mode=base;script=math;language=dflt;mathfontdimen=xetex;"<6.57-9.3075>s*[0.9999967668407183]"[latinmodern-math.otf]:mode=base;script=math;language=dflt;mathfontdimen=xetex;+ssty=0;"<-6.57>s*[0.9999967668407183]"[latinmodern-math.otf]:mode=base;script=math;language=dflt;mathfontdimen=xetex;+ssty=1;"
(fontspec)             - 'bold' (b/n) with NFSS spec.:
(fontspec)             <->s*[0.9999967668407183]"[latinmodern-math.otf]:mode=base;script=math;language=dflt;mathfontdimen=xetex;"

LaTeX Font Info:    Font shape `TU/latinmodern-math.otf(1)/m/n' will be
(Font)              scaled to size 10.95pt on input line 266.
LaTeX Font Info:    Encoding `OT1' has changed to `TU' for symbol font
(Font)              `operators' in the math version `normal' on input line 266.
LaTeX Font Info:    Overwriting symbol font `operators' in version `normal'
(Font)                  OT1/lmr/m/n --> TU/latinmodern-math.otf(1)/m/n on input line 266.
LaTeX Font Info:    Encoding `OT1' has changed to `TU' for symbol font
(Font)              `operators' in the math version `bold' on input line 266.
LaTeX Font Info:    Overwriting symbol font `operators' in version `bold'
(Font)                  OT1/lmr/bx/n --> TU/latinmodern-math.otf(1)/b/n on input line 266.

Package fontspec Info: 
(fontspec)             latinmodern-math scale = 0.9999967668407183.


Package fontspec Info: 
(fontspec)             latinmodern-math scale = 0.9999967668407183.


Package fontspec Info: 
(fontspec)             latinmodern-math scale = 0.9999967668407183.


Package fontspec Info: 
(fontspec)             latinmodern-math scale = 0.9999967668407183.


Package fontspec Info: 
(fontspec)             latinmodern-math scale = 0.9999967668407183.


Package fontspec Info: 
(fontspec)             Font family 'latinmodern-math.otf(2)' created for font
(fontspec)             'latinmodern-math.otf' with options
(fontspec)             [Scale=MatchLowercase,Renderer=Basic,BoldItalicFont={},ItalicFont={},SmallCapsFont={},Script=Math,SizeFeatures={{Size=9.3075-},{Size=6.57-9.3075,Font=latinmodern-math.otf,Style=MathScript},{Size=-6.57,Font=latinmodern-math.otf,Style=MathScriptScript}},RawFeature={mathfontdimen=xetex},BoldFont={latinmodern-math.otf},RawFeature={mathfontdimen=tex2}].
(fontspec)              
(fontspec)              This font family consists of the following NFSS
(fontspec)             series/shapes:
(fontspec)              
(fontspec)             - 'normal' (m/n) with NFSS spec.:
(fontspec)             <9.3075->s*[0.9999967668407183]"[latinmodern-math.otf]:mode=base;script=math;language=dflt;mathfontdimen=xetex;mathfontdimen=tex2;"<6.57-9.3075>s*[0.9999967668407183]"[latinmodern-math.otf]:mode=base;script=math;language=dflt;mathfontdimen=xetex;mathfontdimen=tex2;+ssty=0;"<-6.57>s*[0.9999967668407183]"[latinmodern-math.otf]:mode=base;script=math;language=dflt;mathfontdimen=xetex;mathfontdimen=tex2;+ssty=1;"
(fontspec)             - 'bold' (b/n) with NFSS spec.:
(fontspec)             <->s*[0.9999967668407183]"[latinmodern-math.otf]:mode=base;script=math;language=dflt;mathfontdimen=xetex;mathfontdimen=tex2;"

LaTeX Font Info:    Encoding `OMS' has changed to `TU' for symbol font
(Font)              `symbols' in the math version `normal' on input line 266.
LaTeX Font Info:    Overwriting symbol font `symbols' in version `normal'
(Font)                  OMS/lmsy/m/n --> TU/latinmodern-math.otf(2)/m/n on input line 266.
LaTeX Font Info:    Encoding `OMS' has changed to `TU' for symbol font
(Font)              `symbols' in the math version `bold' on input line 266.
LaTeX Font Info:    Overwriting symbol font `symbols' in version `bold'
(Font)                  OMS/lmsy/b/n --> TU/latinmodern-math.otf(2)/b/n on input line 266.

Package fontspec Info: 
(fontspec)             latinmodern-math scale = 0.9999967668407183.


Package fontspec Info: 
(fontspec)             latinmodern-math scale = 0.9999967668407183.


Package fontspec Info: 
(fontspec)             latinmodern-math scale = 0.9999967668407183.


Package fontspec Info: 
(fontspec)             latinmodern-math scale = 0.9999967668407183.


Package fontspec Info: 
(fontspec)             latinmodern-math scale = 0.9999967668407183.


Package fontspec Info: 
(fontspec)             Font family 'latinmodern-math.otf(3)' created for font
(fontspec)             'latinmodern-math.otf' with options
(fontspec)             [Scale=MatchLowercase,Renderer=Basic,BoldItalicFont={},ItalicFont={},SmallCapsFont={},Script=Math,SizeFeatures={{Size=9.3075-},{Size=6.57-9.3075,Font=latinmodern-math.otf,Style=MathScript},{Size=-6.57,Font=latinmodern-math.otf,Style=MathScriptScript}},RawFeature={mathfontdimen=xetex},BoldFont={latinmodern-math.otf},RawFeature={mathfontdimen=tex3}].
(fontspec)              
(fontspec)              This font family consists of the following NFSS
(fontspec)             series/shapes:
(fontspec)              
(fontspec)             - 'normal' (m/n) with NFSS spec.:
(fontspec)             <9.3075->s*[0.9999967668407183]"[latinmodern-math.otf]:mode=base;script=math;language=dflt;mathfontdimen=xetex;mathfontdimen=tex3;"<6.57-9.3075>s*[0.9999967668407183]"[latinmodern-math.otf]:mode=base;script=math;language=dflt;mathfontdimen=xetex;mathfontdimen=tex3;+ssty=0;"<-6.57>s*[0.9999967668407183]"[latinmodern-math.otf]:mode=base;script=math;language=dflt;mathfontdimen=xetex;mathfontdimen=tex3;+ssty=1;"
(fontspec)             - 'bold' (b/n) with NFSS spec.:
(fontspec)             <->s*[0.9999967668407183]"[latinmodern-math.otf]:mode=base;script=math;language=dflt;mathfontdimen=xetex;mathfontdimen=tex3;"

LaTeX Font Info:    Encoding `OMX' has changed to `TU' for symbol font
(Font)              `largesymbols' in the math version `normal' on input line 266.
LaTeX Font Info:    Overwriting symbol font `largesymbols' in version `normal'
(Font)                  OMX/lmex/m/n --> TU/latinmodern-math.otf(3)/m/n on input line 266.
LaTeX Font Info:    Encoding `OMX' has changed to `TU' for symbol font
(Font)              `largesymbols' in the math version `bold' on input line 266.
LaTeX Font Info:    Overwriting symbol font `largesymbols' in version `bold'
(Font)                  OMX/lmex/m/n --> TU/latinmodern-math.otf(3)/b/n on input line 266.
LaTeX Font Info:    Font shape `TU/latinmodern-math.otf(1)/m/n' will be
(Font)              scaled to size 7.665pt on input line 266.
LaTeX Font Info:    Font shape `TU/latinmodern-math.otf(1)/m/n' will be
(Font)              scaled to size 5.475pt on input line 266.
LaTeX Font Info:    Trying to load font information for OML+lmm on input line 266.
(c:/Users/vacek/AppData/Roaming/TinyTeX/texmf-dist/tex/latex/lm/omllmm.fd
File: omllmm.fd 2015/05/01 v1.6.1 Font defs for Latin Modern
)
LaTeX Font Info:    Font shape `TU/latinmodern-math.otf(2)/m/n' will be
(Font)              scaled to size 10.95pt on input line 266.
LaTeX Font Info:    Font shape `TU/latinmodern-math.otf(2)/m/n' will be
(Font)              scaled to size 7.665pt on input line 266.
LaTeX Font Info:    Font shape `TU/latinmodern-math.otf(2)/m/n' will be
(Font)              scaled to size 5.475pt on input line 266.
LaTeX Font Info:    Font shape `TU/latinmodern-math.otf(3)/m/n' will be
(Font)              scaled to size 10.95pt on input line 266.
LaTeX Font Info:    Font shape `TU/latinmodern-math.otf(3)/m/n' will be
(Font)              scaled to size 7.665pt on input line 266.
LaTeX Font Info:    Font shape `TU/latinmodern-math.otf(3)/m/n' will be
(Font)              scaled to size 5.475pt on input line 266.
LaTeX Font Info:    Trying to load font information for U+msa on input line 266.
(c:/Users/vacek/AppData/Roaming/TinyTeX/texmf-dist/tex/latex/amsfonts/umsa.fd
File: umsa.fd 2013/01/14 v3.01 AMS symbols A
)
LaTeX Font Info:    Trying to load font information for U+msb on input line 266.
(c:/Users/vacek/AppData/Roaming/TinyTeX/texmf-dist/tex/latex/amsfonts/umsb.fd
File: umsb.fd 2013/01/14 v3.01 AMS symbols B
)
LaTeX Info: Redefining \microtypecontext on input line 266.
Package microtype Info: Applying patch `item' on input line 266.
Package microtype Info: Applying patch `toc' on input line 266.
Package microtype Info: Applying patch `eqnum' on input line 266.
Package microtype Info: Applying patch `footnote' on input line 266.
Package microtype Info: Applying patch `verbatim' on input line 266.
LaTeX Info: Redefining \microtypesetup on input line 266.
Package microtype Info: Generating PDF output.
Package microtype Info: Character protrusion enabled (level 2).
Package microtype Info: Using protrusion set `basicmath'.
Package microtype Info: Automatic font expansion enabled (level 2),
(microtype)             stretch: 20, shrink: 20, step: 1, non-selected.
Package microtype Info: Using default expansion set `alltext-nott'.
Package microtype Info: Patching command `\showhyphens'.
Package microtype Info: No adjustment of tracking.
Package microtype Info: No adjustment of spacing.
Package microtype Info: No adjustment of kerning.
(c:/Users/vacek/AppData/Roaming/TinyTeX/texmf-dist/tex/latex/microtype/mt-LatinModernRoman.cfg
File: mt-LatinModernRoman.cfg 2026/02/26 v1.2 microtype config. file: Latin Modern Roman (RS)
)
LaTeX Info: Redefining \. on input line 266.
LaTeX Info: Redefining \% on input line 266.
Removing  `Babel.pre_otfload_h' from `hpack_filter'.
Removing  `luaotfload.node_processor' from `hpack_filter'.
Removing  `luaotfload.harf.finalize_hlist' from `hpack_filter'.
Inserting `Babel.math_box_dir' in `hpack_filter'.
Inserting `Babel.pre_otfload_h' in `hpack_filter'.
Inserting `luaotfload.node_processor' in `hpack_filter'.
Inserting `luaotfload.harf.finalize_hlist' in `hpack_filter'.
Inserting `Babel.unset_atdir' in `pre_linebreak_filter'.
Inserting `Babel.unset_atdir' in `hpack_filter'.
Inserting `Babel.ensure_math_dir' in `post_mlist_to_hlist_filter'.
Package hyperref Info: Link coloring ON on input line 266.
Package caption Info: Begin \AtBeginDocument code.
Package caption Info: float package is loaded.
Package caption Info: End \AtBeginDocument code.
\g__cctab_next_cctab=\catcodetable19
Package babel Info: Main language set to 'spanish'.
Package microtype Info: Loading generic protrusion settings for font family
(microtype)             `lmss' (encoding: TU).
(microtype)             For optimal results, create family-specific settings.
(microtype)             See the microtype manual for details.
[1



{c:/Users/vacek/AppData/Roaming/TinyTeX/texmf-var/fonts/map/pdftex/updmap/pdftex.map}]
Package tocbasic Info: character protrusion at toc deactivated on input line 273.
No file index.toc.
\tf@toc=\write4

\openout4 = index.toc
[2

] [3

] (c:/Users/vacek/AppData/Roaming/TinyTeX/texmf-dist/tex/latex/microtype/mt-TU-empty.cfg
File: mt-TU-empty.cfg 2021/06/22 v1.1 microtype config. file: fonts with nonstandard glyph set (RS)
) [4] [5]
chapter 1.
[6

] [7] [8] [9] [10] [11] [12] [13] [14]
part I.
Package scrkbase Info: You've told me to use the font selection of the element
(scrkbase)             `partprefix' that is an alias of element `partnumber'
(scrkbase)              on input line 952.
[15

]
chapter 2.
[16

] [17] [18]

LaTeX Warning: Reference `fig-cournot-monopolio' on page 19 undefined on input line 1177.

<images/cournot_monopolio.png, id=130, 353.1594pt x 351.4731pt>
File: images/cournot_monopolio.png Graphic file (type png)
<use images/cournot_monopolio.png>
Package luatex.def Info: images/cournot_monopolio.png  used on input line 1183.
(luatex.def)             Requested size: 223.38072pt x 222.31412pt.
[19] [20<./images/cournot_monopolio.png>]

LaTeX Warning: Reference `fig-tipos-optimos' on page 21 undefined on input line 1258.

<images/tipos_optimos.png, id=144, 722.7pt x 361.35pt>
File: images/tipos_optimos.png Graphic file (type png)
<use images/tipos_optimos.png>
Package luatex.def Info: images/tipos_optimos.png  used on input line 1264.
(luatex.def)             Requested size: 424.4264pt x 212.2132pt.
[21] [22<./images/tipos_optimos.png>] [23] [24]
<images/punto_silla_3d.png, id=172, 708.246pt x 376.2858pt>
File: images/punto_silla_3d.png Graphic file (type png)
<use images/punto_silla_3d.png>
Package luatex.def Info: images/punto_silla_3d.png  used on input line 1458.
(luatex.def)             Requested size: 400.37587pt x 212.71669pt.
<images/funcion_distancia_3d.png, id=173, 708.0051pt x 376.2858pt>
File: images/funcion_distancia_3d.png Graphic file (type png)
<use images/funcion_distancia_3d.png>
Package luatex.def Info: images/funcion_distancia_3d.png  used on input line 1487.
(luatex.def)             Requested size: 400.35852pt x 212.77985pt.
<images/funcion_cuadratica_3d.png, id=174, 712.8231pt x 376.2858pt>
File: images/funcion_cuadratica_3d.png Graphic file (type png)
<use images/funcion_cuadratica_3d.png>
Package luatex.def Info: images/funcion_cuadratica_3d.png  used on input line 1516.
(luatex.def)             Requested size: 400.36378pt x 211.34444pt.
[25] [26<./images/punto_silla_3d.png>] [27<./images/funcion_distancia_3d.png>] [28<./images/funcion_cuadratica_3d.png>]

LaTeX Warning: Reference `fig-opt-1d-ejemplo' on page 29 undefined on input line 1543.

<images/opt_1d_ejemplo.png, id=204, 568.524pt x 353.6412pt>
File: images/opt_1d_ejemplo.png Graphic file (type png)
<use images/opt_1d_ejemplo.png>
Package luatex.def Info: images/opt_1d_ejemplo.png  used on input line 1549.
(luatex.def)             Requested size: 312.74121pt x 194.53563pt.
[29<./images/opt_1d_ejemplo.png>]

LaTeX Warning: Reference `fig-busqueda-uniforme-concepto' on page 30 undefined on input line 1578.

<images/busqueda_uniforme_concepto.png, id=212, 578.16pt x 361.35pt>
File: images/busqueda_uniforme_concepto.png Graphic file (type png)
<use images/busqueda_uniforme_concepto.png>
Package luatex.def Info: images/busqueda_uniforme_concepto.png  used on input line 1584.
(luatex.def)             Requested size: 312.73106pt x 195.45691pt.

LaTeX Warning: Reference `fig-busqueda-dicotomica-insuficiente' on page 30 undefined on input line 1599.

<images/busqueda_dicotomica_insuficiente.png, id=213, 722.7pt x 361.35pt>
File: images/busqueda_dicotomica_insuficiente.png Graphic file (type png)
<use images/busqueda_dicotomica_insuficiente.png>
Package luatex.def Info: images/busqueda_dicotomica_insuficiente.png  used on input line 1605.
(luatex.def)             Requested size: 424.4264pt x 212.2132pt.
<images/busqueda_dicotomica_concepto.png, id=214, 578.16pt x 361.35pt>
File: images/busqueda_dicotomica_concepto.png Graphic file (type png)
<use images/busqueda_dicotomica_concepto.png>
Package luatex.def Info: images/busqueda_dicotomica_concepto.png  used on input line 1642.
(luatex.def)             Requested size: 312.73106pt x 195.45691pt.
<images/dicotomica_pasos.png, id=215, 867.24pt x 722.7pt>
File: images/dicotomica_pasos.png Graphic file (type png)
<use images/dicotomica_pasos.png>
Package luatex.def Info: images/dicotomica_pasos.png  used on input line 1718.
(luatex.def)             Requested size: 358.23055pt x 298.52544pt.
[30<./images/busqueda_uniforme_concepto.png>] [31<./images/busqueda_dicotomica_insuficiente.png><./images/busqueda_dicotomica_concepto.png>] [32] [33<./images/dicotomica_pasos.png>]
<images/seccion_aurea_pasos.png, id=241, 867.24pt x 722.7pt>
File: images/seccion_aurea_pasos.png Graphic file (type png)
<use images/seccion_aurea_pasos.png>
Package luatex.def Info: images/seccion_aurea_pasos.png  used on input line 1825.
(luatex.def)             Requested size: 358.23055pt x 298.52544pt.
[34] [35<./images/seccion_aurea_pasos.png>] [36]
<images/biseccion_pasos.png, id=256, 867.24pt x 722.7pt>
File: images/biseccion_pasos.png Graphic file (type png)
<use images/biseccion_pasos.png>
Package luatex.def Info: images/biseccion_pasos.png  used on input line 2005.
(luatex.def)             Requested size: 358.23055pt x 298.52544pt.
[37] [38]
<images/newton_1d_pasos.png, id=266, 867.24pt x 722.7pt>
File: images/newton_1d_pasos.png Graphic file (type png)
<use images/newton_1d_pasos.png>
Package luatex.def Info: images/newton_1d_pasos.png  used on input line 2085.
(luatex.def)             Requested size: 358.23055pt x 298.52544pt.
[39<./images/biseccion_pasos.png>] [40]
Overfull \hbox (18.03827pt too wide) detected at line 2139
\TU/latinmodern-math.otf(1)/m/n/10.95 𝑥[] = 2.1429 − (−6.1399) ⋅ [] = 2.1429 + 6.1399 ⋅ [] ≈ 2.5106
 []

[41<./images/newton_1d_pasos.png>]

LaTeX Warning: Reference `fig-funciones-3d-1' on page 42 undefined on input line 2175.

[42]

LaTeX Warning: Reference `fig-funciones-3d-2' on page 43 undefined on input line 2181.

File: images/funcion_distancia_3d.png Graphic file (type png)
<use images/funcion_distancia_3d.png>
Package luatex.def Info: images/funcion_distancia_3d.png  used on input line 2190.
(luatex.def)             Requested size: 708.00336pt x 376.28487pt.
File: images/funcion_cuadratica_3d.png Graphic file (type png)
<use images/funcion_cuadratica_3d.png>
Package luatex.def Info: images/funcion_cuadratica_3d.png  used on input line 2203.
(luatex.def)             Requested size: 712.82137pt x 376.28487pt.
[43]

LaTeX Warning: Reference `fig-coord-ciclicas-1' on page 44 undefined on input line 2296.

<images/coordenadas_ciclicas_ej1_pasos.png, id=300, 1053.9375pt x 372.6723pt>
File: images/coordenadas_ciclicas_ej1_pasos.png Graphic file (type png)
<use images/coordenadas_ciclicas_ej1_pasos.png>
Package luatex.def Info: images/coordenadas_ciclicas_ej1_pasos.png  used on input line 2317.
(luatex.def)             Requested size: 421.43887pt x 149.02078pt.

LaTeX Warning: Reference `fig-coord-ciclicas-2' on page 44 undefined on input line 2330.

<images/coordenadas_ciclicas_ej2_pasos.png, id=301, 1753.0293pt x 365.4453pt>
File: images/coordenadas_ciclicas_ej2_pasos.png Graphic file (type png)
<use images/coordenadas_ciclicas_ej2_pasos.png>
Package luatex.def Info: images/coordenadas_ciclicas_ej2_pasos.png  used on input line 2360.
(luatex.def)             Requested size: 421.4311pt x 87.85364pt.
[44] [45<./images/coordenadas_ciclicas_ej1_pasos.png>] [46<./images/coordenadas_ciclicas_ej2_pasos.png>]

LaTeX Warning: Reference `fig-steepest-descent' on page 47 undefined on input line 2438.

<images/steepest_descent_pasos.png, id=321, 859.7721pt x 357.2547pt>
File: images/steepest_descent_pasos.png Graphic file (type png)
<use images/steepest_descent_pasos.png>
Package luatex.def Info: images/steepest_descent_pasos.png  used on input line 2474.
(luatex.def)             Requested size: 421.43633pt x 175.11629pt.
[47] [48<./images/steepest_descent_pasos.png>] [49] [50]
chapter 3.

LaTeX Warning: Reference `fig-conjuntos-convexos' on page 51 undefined on input line 2670.

[51

]
<images/conjuntos_convexos.png, id=355, 715.473pt x 354.123pt>
File: images/conjuntos_convexos.png Graphic file (type png)
<use images/conjuntos_convexos.png>
Package luatex.def Info: images/conjuntos_convexos.png  used on input line 2683.
(luatex.def)             Requested size: 357.40811pt x 176.89894pt.
[52<./images/conjuntos_convexos.png>] [53]

LaTeX Warning: Reference `fig-envoltura-convexa' on page 54 undefined on input line 2799.

<images/envoltura_convexa.png, id=369, 715.473pt x 353.1594pt>
File: images/envoltura_convexa.png Graphic file (type png)
<use images/envoltura_convexa.png>
Package luatex.def Info: images/envoltura_convexa.png  used on input line 2811.
(luatex.def)             Requested size: 357.40811pt x 176.41759pt.

LaTeX Warning: Reference `fig-politopo-simplex' on page 54 undefined on input line 2850.

[54]
<images/politopo_simplex.png, id=377, 715.473pt x 354.123pt>
File: images/politopo_simplex.png Graphic file (type png)
<use images/politopo_simplex.png>
Package luatex.def Info: images/politopo_simplex.png  used on input line 2856.
(luatex.def)             Requested size: 357.40811pt x 176.89894pt.
[55<./images/envoltura_convexa.png>] [56<./images/politopo_simplex.png>]

LaTeX Warning: Reference `fig-funciones-convexidad-concepto' on page 57 undefined on input line 2945.

<images/funciones_convexidad_concepto.png, id=391, 715.473pt x 354.123pt>
File: images/funciones_convexidad_concepto.png Graphic file (type png)
<use images/funciones_convexidad_concepto.png>
Package luatex.def Info: images/funciones_convexidad_concepto.png  used on input line 2951.
(luatex.def)             Requested size: 357.40811pt x 176.89894pt.
[57] [58<./images/funciones_convexidad_concepto.png>]

LaTeX Warning: Reference `fig-funciones-niveles-convexos' on page 59 undefined on input line 3050.

<images/funciones_niveles_convexos.png, id=404, 715.473pt x 353.1594pt>
File: images/funciones_niveles_convexos.png Graphic file (type png)
<use images/funciones_niveles_convexos.png>
Package luatex.def Info: images/funciones_niveles_convexos.png  used on input line 3061.
(luatex.def)             Requested size: 379.74475pt x 187.44301pt.
[59]

LaTeX Warning: Reference `fig-epigrafo-hipografo-3d' on page 60 undefined on input line 3100.

<images/epigrafo_hipografo_3d.png, id=410, 741.2493pt x 354.3639pt>
File: images/epigrafo_hipografo_3d.png Graphic file (type png)
<use images/epigrafo_hipografo_3d.png>
Package luatex.def Info: images/epigrafo_hipografo_3d.png  used on input line 3106.
(luatex.def)             Requested size: 402.08965pt x 192.2242pt.
[60<./images/funciones_niveles_convexos.png>]
<images/subgradientes_concepto.png, id=417, 424.2249pt x 355.0866pt>
File: images/subgradientes_concepto.png Graphic file (type png)
<use images/subgradientes_concepto.png>
Package luatex.def Info: images/subgradientes_concepto.png  used on input line 3172.
(luatex.def)             Requested size: 268.05928pt x 224.37216pt.
[61<./images/epigrafo_hipografo_3d.png>] [62<./images/subgradientes_concepto.png>] [63] [64]
<images/subgradientes_ejemplo_completo.png, id=440, 715.473pt x 350.9913pt>
File: images/subgradientes_ejemplo_completo.png Graphic file (type png)
<use images/subgradientes_ejemplo_completo.png>
Package luatex.def Info: images/subgradientes_ejemplo_completo.png  used on input line 3402.
(luatex.def)             Requested size: 358.21599pt x 175.73087pt.
<images/subgradiente_3d.png, id=441, 407.8437pt x 424.7067pt>
File: images/subgradiente_3d.png Graphic file (type png)
<use images/subgradiente_3d.png>
Package luatex.def Info: images/subgradiente_3d.png  used on input line 3445.
(luatex.def)             Requested size: 295.02255pt x 307.22076pt.
[65] [66] [67<./images/subgradientes_ejemplo_completo.png>] [68<./images/subgradiente_3d.png>] [69] [70]
<images/funcion_no_convexa_3d.png, id=478, 402.5439pt x 424.2249pt>
File: images/funcion_no_convexa_3d.png Graphic file (type png)
<use images/funcion_no_convexa_3d.png>
Package luatex.def Info: images/funcion_no_convexa_3d.png  used on input line 3668.
(luatex.def)             Requested size: 295.00935pt x 310.89854pt.
[71] [72] [73<./images/funcion_no_convexa_3d.png>] [74] [75] [76] [77]

LaTeX Warning: Reference `fig-opt-contraejemplo-maximo' on page 78 undefined on input line 3963.

[78]
<images/opt_contraejemplo_maximo.png, id=519, 424.2249pt x 354.8457pt>
File: images/opt_contraejemplo_maximo.png Graphic file (type png)
<use images/opt_contraejemplo_maximo.png>
Package luatex.def Info: images/opt_contraejemplo_maximo.png  used on input line 3969.
(luatex.def)             Requested size: 268.05928pt x 224.21994pt.
<images/opt_ejemplo1_subgrad.png, id=520, 424.2249pt x 355.3275pt>
File: images/opt_ejemplo1_subgrad.png Graphic file (type png)
<use images/opt_ejemplo1_subgrad.png>
Package luatex.def Info: images/opt_ejemplo1_subgrad.png  used on input line 4010.
(luatex.def)             Requested size: 252.86682pt x 211.79929pt.

LaTeX Warning: Reference `fig-opt-ejemplo2-subgrad' on page 79 undefined on input line 4037.

<images/opt_ejemplo2_subgrad.png, id=521, 424.2249pt x 355.3275pt>
File: images/opt_ejemplo2_subgrad.png Graphic file (type png)
<use images/opt_ejemplo2_subgrad.png>
Package luatex.def Info: images/opt_ejemplo2_subgrad.png  used on input line 4046.
(luatex.def)             Requested size: 252.86682pt x 211.79929pt.

LaTeX Warning: Reference `fig-opt-ejemplo3-subgrad' on page 79 undefined on input line 4074.

<images/opt_ejemplo3_subgrad.png, id=522, 421.575pt x 353.1594pt>
File: images/opt_ejemplo3_subgrad.png Graphic file (type png)
<use images/opt_ejemplo3_subgrad.png>
Package luatex.def Info: images/opt_ejemplo3_subgrad.png  used on input line 4086.
(luatex.def)             Requested size: 252.86975pt x 211.83258pt.

LaTeX Warning: Reference `fig-opt-ejemplo4-subgrad' on page 79 undefined on input line 4113.

<images/opt_ejemplo4_subgrad.png, id=523, 424.9476pt x 353.1594pt>
File: images/opt_ejemplo4_subgrad.png Graphic file (type png)
<use images/opt_ejemplo4_subgrad.png>
Package luatex.def Info: images/opt_ejemplo4_subgrad.png  used on input line 4120.
(luatex.def)             Requested size: 252.86964pt x 210.15129pt.
[79<./images/opt_contraejemplo_maximo.png>] [80<./images/opt_ejemplo1_subgrad.png>] [81<./images/opt_ejemplo2_subgrad.png>] [82<./images/opt_ejemplo3_subgrad.png>]

LaTeX Warning: Hyper reference `maximiza-poliedro' on page 83 undefined on input line 4143.


LaTeX Warning: Hyper reference `sec-puntos-extremos' on page 83 undefined on input line 4144.

[83<./images/opt_ejemplo4_subgrad.png>]

LaTeX Warning: Reference `fig-funciones-cuasiconvexas-ejemplos' on page 84 undefined on input line 4183.

<images/funciones_cuasiconvexas_ejemplos.png, id=556, 715.2321pt x 353.6412pt>
File: images/funciones_cuasiconvexas_ejemplos.png Graphic file (type png)
<use images/funciones_cuasiconvexas_ejemplos.png>
Package luatex.def Info: images/funciones_cuasiconvexas_ejemplos.png  used on input line 4193.
(luatex.def)             Requested size: 379.74785pt x 187.76349pt.
[84<./images/funciones_cuasiconvexas_ejemplos.png>]

LaTeX Warning: Reference `fig-cuasiconvexa-optimo-local' on page 85 undefined on input line 4241.

<images/cuasiconvexa_optimo_local.png, id=564, 424.2249pt x 355.0866pt>
File: images/cuasiconvexa_optimo_local.png Graphic file (type png)
<use images/cuasiconvexa_optimo_local.png>
Package luatex.def Info: images/cuasiconvexa_optimo_local.png  used on input line 4259.
(luatex.def)             Requested size: 268.05928pt x 224.37216pt.
[85]

LaTeX Warning: Reference `fig-cuasiconvexa-unicidad' on page 86 undefined on input line 4295.

<images/cuasiconvexa_unicidad.png, id=569, 424.2249pt x 355.0866pt>
File: images/cuasiconvexa_unicidad.png Graphic file (type png)
<use images/cuasiconvexa_unicidad.png>
Package luatex.def Info: images/cuasiconvexa_unicidad.png  used on input line 4305.
(luatex.def)             Requested size: 268.05928pt x 224.37216pt.
[86<./images/cuasiconvexa_optimo_local.png>] [87<./images/cuasiconvexa_unicidad.png>]

LaTeX Warning: Reference `fig-cuasiconvexa-unicidad' on page 88 undefined on input line 4346.

[88

] [89]
<images/relaciones_convexidad_v2.png, id=592, 715.473pt x 493.3632pt>
File: images/relaciones_convexidad_v2.png Graphic file (type png)
<use images/relaciones_convexidad_v2.png>
Package luatex.def Info: images/relaciones_convexidad_v2.png  used on input line 4476.
(luatex.def)             Requested size: 379.74475pt x 261.85765pt.

LaTeX Warning: Reference `fig-cuasiconvexa-3d' on page 90 undefined on input line 4515.

<images/cuasiconvexa_3d.png, id=593, 541.7841pt x 568.7649pt>
File: images/cuasiconvexa_3d.png Graphic file (type png)
<use images/cuasiconvexa_3d.png>
Package luatex.def Info: images/cuasiconvexa_3d.png  used on input line 4525.
(luatex.def)             Requested size: 316.07852pt x 331.8192pt.

LaTeX Warning: Reference `fig-niveles-no-convexos-3d' on page 90 undefined on input line 4536.

<images/niveles_no_convexos_3d.png, id=594, 540.0978pt x 568.7649pt>
File: images/niveles_no_convexos_3d.png Graphic file (type png)
<use images/niveles_no_convexos_3d.png>
Package luatex.def Info: images/niveles_no_convexos_3d.png  used on input line 4545.
(luatex.def)             Requested size: 316.07544pt x 332.85196pt.
[90] [91<./images/relaciones_convexidad_v2.png>] [92<./images/cuasiconvexa_3d.png>] [93<./images/niveles_no_convexos_3d.png>] [94]
chapter 4.
[95

] [96] [97] [98] [99]

LaTeX Warning: Reference `fig-opt-sin-rest-inflexion' on page 100 undefined on input line 4905.

<images/opt_sin_rest_inflexion.png, id=663, 570.6921pt x 351.9549pt>
File: images/opt_sin_rest_inflexion.png Graphic file (type png)
<use images/opt_sin_rest_inflexion.png>
Package luatex.def Info: images/opt_sin_rest_inflexion.png  used on input line 4912.
(luatex.def)             Requested size: 295.00256pt x 181.93279pt.
[100] [101<./images/opt_sin_rest_inflexion.png>]

LaTeX Warning: Reference `fig-cono-direcciones' on page 102 undefined on input line 4964.

<images/cono_direcciones.png, id=679, 335.3328pt x 353.8821pt>
File: images/cono_direcciones.png Graphic file (type png)
<use images/cono_direcciones.png>
Package luatex.def Info: images/cono_direcciones.png  used on input line 4979.
(luatex.def)             Requested size: 268.07216pt x 282.90085pt.
[102<./images/cono_direcciones.png>] [103]

LaTeX Warning: Reference `fig-active-constraints-intro' on page 104 undefined on input line 5130.

<images/active_constraints_intro.png, id=690, 353.8821pt x 324.9741pt>
File: images/active_constraints_intro.png Graphic file (type png)
<use images/active_constraints_intro.png>
Package luatex.def Info: images/active_constraints_intro.png  used on input line 5159.
(luatex.def)             Requested size: 252.86717pt x 232.21092pt.

LaTeX Warning: Reference `fig-active-constraints-gradients' on page 104 undefined on input line 5179.

<images/active_constraints_gradients.png, id=691, 353.8821pt x 324.2514pt>
File: images/active_constraints_gradients.png Graphic file (type png)
<use images/active_constraints_gradients.png>
Package luatex.def Info: images/active_constraints_gradients.png  used on input line 5186.
(luatex.def)             Requested size: 252.86717pt x 231.6945pt.

LaTeX Warning: Reference `fig-active-constraints-orthogonality' on page 104 undefined on input line 5198.

<images/active_constraints_orthogonality.png, id=692, 353.8821pt x 295.8252pt>
File: images/active_constraints_orthogonality.png Graphic file (type png)
<use images/active_constraints_orthogonality.png>
Package luatex.def Info: images/active_constraints_orthogonality.png  used on input line 5223.
(luatex.def)             Requested size: 252.86717pt x 211.38249pt.
[104] [105<./images/active_constraints_intro.png>] [106<./images/active_constraints_gradients.png>] [107<./images/active_constraints_orthogonality.png>] [108]
Overfull \hbox (4.46948pt too wide) detected at line 5398
\TU/latinmodern-math.otf(1)/m/n/10.95 𝑔[](9/5, 6/5) = −8/25 < 0,  𝑔[](9/5, 6/5) < 0,  𝑔[](9/5, 6/5) < 0,  𝑔[](9/5, 6/5) = 0
 []


LaTeX Warning: Reference `fig-cono-interseccion-no-optimo' on page 109 undefined on input line 5406.

<images/cono_interseccion_no_optimo.png, id=726, 355.5684pt x 352.1958pt>
File: images/cono_interseccion_no_optimo.png Graphic file (type png)
<use images/cono_interseccion_no_optimo.png>
Package luatex.def Info: images/cono_interseccion_no_optimo.png  used on input line 5420.
(luatex.def)             Requested size: 252.86766pt x 250.4692pt.

LaTeX Warning: Reference `fig-cono-interseccion-optimo' on page 109 undefined on input line 5450.

<images/cono_interseccion_optimo.png, id=727, 355.5684pt x 352.1958pt>
File: images/cono_interseccion_optimo.png Graphic file (type png)
<use images/cono_interseccion_optimo.png>
Package luatex.def Info: images/cono_interseccion_optimo.png  used on input line 5458.
(luatex.def)             Requested size: 252.86766pt x 250.4692pt.
[109] [110<./images/cono_interseccion_no_optimo.png>] [111<./images/cono_interseccion_optimo.png>]

LaTeX Warning: Reference `fig-tangencia-cubica-region' on page 112 undefined on input line 5498.

<images/tangencia_cubica_region.png, id=746, 360.8682pt x 294.1389pt>
File: images/tangencia_cubica_region.png Graphic file (type png)
<use images/tangencia_cubica_region.png>
Package luatex.def Info: images/tangencia_cubica_region.png  used on input line 5505.
(luatex.def)             Requested size: 252.87032pt x 206.11125pt.

LaTeX Warning: Reference `fig-tangencia-cubica-optimo' on page 112 undefined on input line 5548.

<images/tangencia_cubica_optimo.png, id=747, 345.9324pt x 351.9549pt>
File: images/tangencia_cubica_optimo.png Graphic file (type png)
<use images/tangencia_cubica_optimo.png>
Package luatex.def Info: images/tangencia_cubica_optimo.png  used on input line 5554.
(luatex.def)             Requested size: 252.87164pt x 257.27402pt.
[112] [113<./images/tangencia_cubica_region.png>] [114<./images/tangencia_cubica_optimo.png>] [115] [116]

LaTeX Warning: Reference `fig-fj-caso1-li' on page 117 undefined on input line 5721.

<images/fj_caso1_li.png, id=781, 332.2011pt x 352.9185pt>
File: images/fj_caso1_li.png Graphic file (type png)
<use images/fj_caso1_li.png>
Package luatex.def Info: images/fj_caso1_li.png  used on input line 5732.
(luatex.def)             Requested size: 252.87082pt x 268.64088pt.

LaTeX Warning: Reference `fig-fj-caso2-redundante' on page 117 undefined on input line 5745.

<images/fj_caso2_redundante.png, id=782, 330.7557pt x 353.1594pt>
File: images/fj_caso2_redundante.png Graphic file (type png)
<use images/fj_caso2_redundante.png>
Package luatex.def Info: images/fj_caso2_redundante.png  used on input line 5756.
(luatex.def)             Requested size: 252.86577pt x 269.99359pt.

LaTeX Warning: Reference `fig-fj-caso3-contradictorio' on page 117 undefined on input line 5770.

<images/fj_caso3_contradictorio.png, id=783, 330.033pt x 352.1958pt>
File: images/fj_caso3_contradictorio.png Graphic file (type png)
<use images/fj_caso3_contradictorio.png>
Package luatex.def Info: images/fj_caso3_contradictorio.png  used on input line 5782.
(luatex.def)             Requested size: 252.86217pt x 269.84271pt.

LaTeX Warning: Reference `fig-fj-caso4-maximo' on page 117 undefined on input line 5796.

<images/fj_caso4_maximo.png, id=784, 330.7557pt x 353.1594pt>
File: images/fj_caso4_maximo.png Graphic file (type png)
<use images/fj_caso4_maximo.png>
Package luatex.def Info: images/fj_caso4_maximo.png  used on input line 5805.
(luatex.def)             Requested size: 252.86577pt x 269.99359pt.
[117] [118<./images/fj_caso1_li.png>] [119<./images/fj_caso2_redundante.png>] [120<./images/fj_caso3_contradictorio.png>] [121<./images/fj_caso4_maximo.png>]

LaTeX Warning: Reference `fig-fj-ejemplo-cuba' on page 122 undefined on input line 5884.

<images/fj_ejemplo_cuba.png, id=817, 313.8927pt x 353.1594pt>
File: images/fj_ejemplo_cuba.png Graphic file (type png)
<use images/fj_ejemplo_cuba.png>
Package luatex.def Info: images/fj_ejemplo_cuba.png  used on input line 5899.
(luatex.def)             Requested size: 252.8627pt x 284.49478pt.
[122]

LaTeX Warning: Reference `fig-fj-ejemplo-lineal' on page 123 undefined on input line 5927.

<images/fj_ejemplo_lineal.png, id=822, 313.8927pt x 353.1594pt>
File: images/fj_ejemplo_lineal.png Graphic file (type png)
<use images/fj_ejemplo_lineal.png>
Package luatex.def Info: images/fj_ejemplo_lineal.png  used on input line 5938.
(luatex.def)             Requested size: 252.8627pt x 284.49478pt.
[123<./images/fj_ejemplo_cuba.png>] [124<./images/fj_ejemplo_lineal.png>]
<images/condiciones_kkt.png, id=838, 426.393pt x 426.393pt>
File: images/condiciones_kkt.png Graphic file (type png)
<use images/condiciones_kkt.png>
Package luatex.def Info: images/condiciones_kkt.png  used on input line 6096.
(luatex.def)             Requested size: 252.86443pt x 252.86443pt.
[125] [126]
Underfull \hbox (badness 1424) in paragraph at lines 6174--6179
\TU/lmr/m/n/10.95 Por la con-di-ción de es-ta-cio-na-rie-dad (fac-ti-bi-li-dad dual) de KKT, se tie-ne que
 []

[127<./images/condiciones_kkt.png>] [128]

LaTeX Warning: Reference `fig-kkt-ejemplo-circ-parab-general' on page 129 undefined on input line 6255.

<images/kkt_ejemplo_circ_parab.png, id=867, 339.1872pt x 353.1594pt>
File: images/kkt_ejemplo_circ_parab.png Graphic file (type png)
<use images/kkt_ejemplo_circ_parab.png>
Package luatex.def Info: images/kkt_ejemplo_circ_parab.png  used on input line 6266.
(luatex.def)             Requested size: 252.87332pt x 263.28996pt.

LaTeX Warning: Reference `fig-kkt-ejemplo-circ-parab-caso-a' on page 129 undefined on input line 6322.


LaTeX Warning: Reference `fig-kkt-ejemplo-circ-parab-caso-a-general' on page 129 undefined on input line 6332.


LaTeX Warning: Reference `fig-kkt-ejemplo-circ-parab-caso-a-detalle' on page 129 undefined on input line 6333.

<images/kkt_ejemplo_circ_parab_caso_a_general.png, id=868, 339.9099pt x 353.1594pt>
File: images/kkt_ejemplo_circ_parab_caso_a_general.png Graphic file (type png)
<use images/kkt_ejemplo_circ_parab_caso_a_general.png>
Package luatex.def Info: images/kkt_ejemplo_circ_parab_caso_a_general.png  used on input line 6341.
(luatex.def)             Requested size: 339.90906pt x 353.15851pt.
<images/kkt_ejemplo_circ_parab_caso_a.png, id=869, 355.8093pt x 341.8371pt>
File: images/kkt_ejemplo_circ_parab_caso_a.png Graphic file (type png)
<use images/kkt_ejemplo_circ_parab_caso_a.png>
Package luatex.def Info: images/kkt_ejemplo_circ_parab_caso_a.png  used on input line 6354.
(luatex.def)             Requested size: 355.80841pt x 341.83624pt.
LaTeX Font Info:    Font shape `TU/latinmodern-math.otf(1)/m/n' will be
(Font)              scaled to size 10.0pt on input line 6359.
LaTeX Font Info:    Font shape `TU/latinmodern-math.otf(1)/m/n' will be
(Font)              scaled to size 7.0pt on input line 6359.
LaTeX Font Info:    Font shape `TU/latinmodern-math.otf(1)/m/n' will be
(Font)              scaled to size 5.0pt on input line 6359.
LaTeX Font Info:    Font shape `TU/latinmodern-math.otf(2)/m/n' will be
(Font)              scaled to size 10.0pt on input line 6359.
LaTeX Font Info:    Font shape `TU/latinmodern-math.otf(2)/m/n' will be
(Font)              scaled to size 7.0pt on input line 6359.
LaTeX Font Info:    Font shape `TU/latinmodern-math.otf(2)/m/n' will be
(Font)              scaled to size 5.0pt on input line 6359.
LaTeX Font Info:    Font shape `TU/latinmodern-math.otf(3)/m/n' will be
(Font)              scaled to size 10.0pt on input line 6359.
LaTeX Font Info:    Font shape `TU/latinmodern-math.otf(3)/m/n' will be
(Font)              scaled to size 7.0pt on input line 6359.
LaTeX Font Info:    Font shape `TU/latinmodern-math.otf(3)/m/n' will be
(Font)              scaled to size 5.0pt on input line 6359.
(c:/Users/vacek/AppData/Roaming/TinyTeX/texmf-dist/tex/latex/microtype/mt-msa.cfg
File: mt-msa.cfg 2006/02/04 v1.1 microtype config. file: AMS symbols (a) (RS)
) (c:/Users/vacek/AppData/Roaming/TinyTeX/texmf-dist/tex/latex/microtype/mt-msb.cfg
File: mt-msb.cfg 2005/06/01 v1.0 microtype config. file: AMS symbols (b) (RS)
)

LaTeX Warning: Reference `fig-kkt-ejemplo-circ-parab-caso-b' on page 129 undefined on input line 6415.


LaTeX Warning: Reference `fig-kkt-ejemplo-circ-parab-caso-b-detalle-b' on page 129 undefined on input line 6421.


LaTeX Warning: Reference `fig-kkt-ejemplo-circ-parab-caso-b-detalle-c' on page 129 undefined on input line 6426.

<images/kkt_ejemplo_circ_parab_caso_b_general.png, id=870, 339.9099pt x 353.1594pt>
File: images/kkt_ejemplo_circ_parab_caso_b_general.png Graphic file (type png)
<use images/kkt_ejemplo_circ_parab_caso_b_general.png>
Package luatex.def Info: images/kkt_ejemplo_circ_parab_caso_b_general.png  used on input line 6434.
(luatex.def)             Requested size: 339.90906pt x 353.15851pt.
<images/kkt_ejemplo_circ_parab_caso_b_detalle_b.png, id=871, 355.8093pt x 347.3778pt>
File: images/kkt_ejemplo_circ_parab_caso_b_detalle_b.png Graphic file (type png)
<use images/kkt_ejemplo_circ_parab_caso_b_detalle_b.png>
Package luatex.def Info: images/kkt_ejemplo_circ_parab_caso_b_detalle_b.png  used on input line 6447.
(luatex.def)             Requested size: 355.80841pt x 347.37695pt.
<images/kkt_ejemplo_circ_parab_caso_b_detalle_c.png, id=872, 349.0641pt x 353.1594pt>
File: images/kkt_ejemplo_circ_parab_caso_b_detalle_c.png Graphic file (type png)
<use images/kkt_ejemplo_circ_parab_caso_b_detalle_c.png>
Package luatex.def Info: images/kkt_ejemplo_circ_parab_caso_b_detalle_c.png  used on input line 6460.
(luatex.def)             Requested size: 349.06325pt x 353.15851pt.

LaTeX Warning: Reference `fig-kkt-ejemplo-circ-parab-caso-c' on page 129 undefined on input line 6515.


LaTeX Warning: Reference `fig-kkt-ejemplo-circ-parab-caso-c-detalle-e' on page 129 undefined on input line 6521.


LaTeX Warning: Reference `fig-kkt-ejemplo-circ-parab-caso-c-detalle-d' on page 129 undefined on input line 6525.

<images/kkt_ejemplo_circ_parab_caso_c_general.png, id=873, 339.9099pt x 353.1594pt>
File: images/kkt_ejemplo_circ_parab_caso_c_general.png Graphic file (type png)
<use images/kkt_ejemplo_circ_parab_caso_c_general.png>
Package luatex.def Info: images/kkt_ejemplo_circ_parab_caso_c_general.png  used on input line 6533.
(luatex.def)             Requested size: 339.90906pt x 353.15851pt.
<images/kkt_ejemplo_circ_parab_caso_c_detalle_e.png, id=874, 349.0641pt x 353.1594pt>
File: images/kkt_ejemplo_circ_parab_caso_c_detalle_e.png Graphic file (type png)
<use images/kkt_ejemplo_circ_parab_caso_c_detalle_e.png>
Package luatex.def Info: images/kkt_ejemplo_circ_parab_caso_c_detalle_e.png  used on input line 6546.
(luatex.def)             Requested size: 349.06325pt x 353.15851pt.
<images/kkt_ejemplo_circ_parab_caso_c_detalle_d.png, id=875, 341.1144pt x 353.1594pt>
File: images/kkt_ejemplo_circ_parab_caso_c_detalle_d.png Graphic file (type png)
<use images/kkt_ejemplo_circ_parab_caso_c_detalle_d.png>
Package luatex.def Info: images/kkt_ejemplo_circ_parab_caso_c_detalle_d.png  used on input line 6559.
(luatex.def)             Requested size: 341.11354pt x 353.15851pt.

LaTeX Warning: Reference `fig-kkt-ejemplo-circ-parab-conclusiones' on page 129 undefined on input line 6703.

<images/kkt_ejemplo_circ_parab_conclusiones.png, id=876, 350.7504pt x 353.1594pt>
File: images/kkt_ejemplo_circ_parab_conclusiones.png Graphic file (type png)
<use images/kkt_ejemplo_circ_parab_conclusiones.png>
Package luatex.def Info: images/kkt_ejemplo_circ_parab_conclusiones.png  used on input line 6711.
(luatex.def)             Requested size: 316.1006pt x 318.27159pt.
[129] [130<./images/kkt_ejemplo_circ_parab.png>] [131] [132<./images/kkt_ejemplo_circ_parab_caso_a_general.png><./images/kkt_ejemplo_circ_parab_caso_a.png>] [133<./images/kkt_ejemplo_circ_parab_caso_b_general.png><./images/kkt_ejemplo_circ_parab_caso_b_detalle_b.png><./images/kkt_ejemplo_circ_parab_caso_b_detalle_c.png>] [134] [135<./images/kkt_ejemplo_circ_parab_caso_c_general.png><./images/kkt_ejemplo_circ_parab_caso_c_detalle_e.png><./images/kkt_ejemplo_circ_parab_caso_c_detalle_d.png>] [136] [137<./images/kkt_ejemplo_circ_parab_conclusiones.png>]

LaTeX Warning: Reference `fig-kkt-ejemplo-multiple-general' on page 138 undefined on input line 6857.

<images/kkt_ejemplo_multiple_desigualdad.png, id=938, 353.8821pt x 286.671pt>
File: images/kkt_ejemplo_multiple_desigualdad.png Graphic file (type png)
<use images/kkt_ejemplo_multiple_desigualdad.png>
Package luatex.def Info: images/kkt_ejemplo_multiple_desigualdad.png  used on input line 6863.
(luatex.def)             Requested size: 252.86717pt x 204.84134pt.

LaTeX Warning: Reference `fig-kkt-ejemplo-multiple-zoom-d' on page 138 undefined on input line 6903.

<images/kkt_ejemplo_multiple_zoom_d.png, id=939, 348.1005pt x 352.1958pt>
File: images/kkt_ejemplo_multiple_zoom_d.png Graphic file (type png)
<use images/kkt_ejemplo_multiple_zoom_d.png>
Package luatex.def Info: images/kkt_ejemplo_multiple_zoom_d.png  used on input line 6909.
(luatex.def)             Requested size: 252.86833pt x 255.84326pt.

LaTeX Warning: Reference `fig-kkt-ejemplo-multiple-zoom-a' on page 138 undefined on input line 6943.

<images/kkt_ejemplo_multiple_zoom_a.png, id=940, 355.8093pt x 351.4731pt>
File: images/kkt_ejemplo_multiple_zoom_a.png Graphic file (type png)
<use images/kkt_ejemplo_multiple_zoom_a.png>
Package luatex.def Info: images/kkt_ejemplo_multiple_zoom_a.png  used on input line 6949.
(luatex.def)             Requested size: 252.87067pt x 249.78899pt.

LaTeX Warning: Reference `fig-kkt-ejemplo-multiple-zoom-e' on page 138 undefined on input line 6973.

<images/kkt_ejemplo_multiple_zoom_e.png, id=941, 348.1005pt x 352.1958pt>
File: images/kkt_ejemplo_multiple_zoom_e.png Graphic file (type png)
<use images/kkt_ejemplo_multiple_zoom_e.png>
Package luatex.def Info: images/kkt_ejemplo_multiple_zoom_e.png  used on input line 6979.
(luatex.def)             Requested size: 252.86833pt x 255.84326pt.

LaTeX Warning: Reference `fig-kkt-ejemplo-multiple-zoom-c' on page 138 undefined on input line 6995.

<images/kkt_ejemplo_multiple_zoom_c.png, id=942, 355.8093pt x 341.8371pt>
File: images/kkt_ejemplo_multiple_zoom_c.png Graphic file (type png)
<use images/kkt_ejemplo_multiple_zoom_c.png>
Package luatex.def Info: images/kkt_ejemplo_multiple_zoom_c.png  used on input line 7004.
(luatex.def)             Requested size: 252.87067pt x 242.94073pt.

LaTeX Warning: Reference `fig-kkt-ejemplo-multiple-zoom-b' on page 138 undefined on input line 7019.

<images/kkt_ejemplo_multiple_zoom_b.png, id=943, 355.8093pt x 351.4731pt>
File: images/kkt_ejemplo_multiple_zoom_b.png Graphic file (type png)
<use images/kkt_ejemplo_multiple_zoom_b.png>
Package luatex.def Info: images/kkt_ejemplo_multiple_zoom_b.png  used on input line 7030.
(luatex.def)             Requested size: 252.87067pt x 249.78899pt.

LaTeX Warning: Reference `fig-kkt-ejemplo-multiple-conclusiones' on page 138 undefined on input line 7082.

<images/kkt_ejemplo_multiple_desigualdad_conclusiones.png, id=944, 606.8271pt x 344.2461pt>
File: images/kkt_ejemplo_multiple_desigualdad_conclusiones.png Graphic file (type png)
<use images/kkt_ejemplo_multiple_desigualdad_conclusiones.png>
Package luatex.def Info: images/kkt_ejemplo_multiple_desigualdad_conclusiones.png  used on input line 7090.
(luatex.def)             Requested size: 316.0797pt x 179.3084pt.
[138] [139] [140<./images/kkt_ejemplo_multiple_desigualdad.png>] [141<./images/kkt_ejemplo_multiple_zoom_d.png>] [142<./images/kkt_ejemplo_multiple_zoom_a.png>] [143<./images/kkt_ejemplo_multiple_zoom_e.png>] [144<./images/kkt_ejemplo_multiple_zoom_c.png>] [145<./images/kkt_ejemplo_multiple_zoom_b.png>]

LaTeX Warning: Reference `fig-kkt-ejemplo-circ-lineal-general' on page 146 undefined on input line 7149.

<images/kkt_ejemplo_circ_lineal_general.png, id=997, 355.8093pt x 352.1958pt>
File: images/kkt_ejemplo_circ_lineal_general.png Graphic file (type png)
<use images/kkt_ejemplo_circ_lineal_general.png>
Package luatex.def Info: images/kkt_ejemplo_circ_lineal_general.png  used on input line 7155.
(luatex.def)             Requested size: 252.87067pt x 250.3026pt.

LaTeX Warning: Reference `fig-kkt-ejemplo-circ-lineal-zoom-a' on page 146 undefined on input line 7202.

<images/kkt_ejemplo_circ_lineal_zoom_a.png, id=998, 340.1508pt x 352.1958pt>
File: images/kkt_ejemplo_circ_lineal_zoom_a.png Graphic file (type png)
<use images/kkt_ejemplo_circ_lineal_zoom_a.png>
Package luatex.def Info: images/kkt_ejemplo_circ_lineal_zoom_a.png  used on input line 7208.
(luatex.def)             Requested size: 252.87027pt x 261.8246pt.

LaTeX Warning: Reference `fig-kkt-ejemplo-circ-lineal-zoom-b' on page 146 undefined on input line 7226.

<images/kkt_ejemplo_circ_lineal_zoom_b.png, id=999, 348.3414pt x 352.1958pt>
File: images/kkt_ejemplo_circ_lineal_zoom_b.png Graphic file (type png)
<use images/kkt_ejemplo_circ_lineal_zoom_b.png>
Package luatex.def Info: images/kkt_ejemplo_circ_lineal_zoom_b.png  used on input line 7232.
(luatex.def)             Requested size: 252.87325pt x 255.6713pt.

LaTeX Warning: Reference `fig-kkt-ejemplo-circ-lineal-zoom-c' on page 146 undefined on input line 7279.

<images/kkt_ejemplo_circ_lineal_zoom_c.png, id=1000, 348.1005pt x 352.1958pt>
File: images/kkt_ejemplo_circ_lineal_zoom_c.png Graphic file (type png)
<use images/kkt_ejemplo_circ_lineal_zoom_c.png>
Package luatex.def Info: images/kkt_ejemplo_circ_lineal_zoom_c.png  used on input line 7285.
(luatex.def)             Requested size: 252.86833pt x 255.84326pt.

LaTeX Warning: Reference `fig-kkt-ejemplo-circ-lineal-zoom-d' on page 146 undefined on input line 7305.

<images/kkt_ejemplo_circ_lineal_zoom_d.png, id=1001, 348.3414pt x 352.1958pt>
File: images/kkt_ejemplo_circ_lineal_zoom_d.png Graphic file (type png)
<use images/kkt_ejemplo_circ_lineal_zoom_d.png>
Package luatex.def Info: images/kkt_ejemplo_circ_lineal_zoom_d.png  used on input line 7311.
(luatex.def)             Requested size: 252.87325pt x 255.6713pt.

Underfull \hbox (badness 1097) in paragraph at lines 7348--7352
[]\TU/lmr/bx/n/10.95 Má-xi-mos\TU/lmr/m/n/10.95 : El úni-co can-di-da-to KKT a má-xi-mo lo-cal es $[]$ con
 []


LaTeX Warning: Reference `fig-kkt-ejemplo-circ-lineal-conclusiones' on page 146 undefined on input line 7369.

<images/kkt_ejemplo_circ_lineal_conclusiones.png, id=1002, 355.8093pt x 352.1958pt>
File: images/kkt_ejemplo_circ_lineal_conclusiones.png Graphic file (type png)
<use images/kkt_ejemplo_circ_lineal_conclusiones.png>
Package luatex.def Info: images/kkt_ejemplo_circ_lineal_conclusiones.png  used on input line 7377.
(luatex.def)             Requested size: 316.0992pt x 312.889pt.
[146<./images/kkt_ejemplo_multiple_desigualdad_conclusiones.png>] [147<./images/kkt_ejemplo_circ_lineal_general.png>] [148] [149<./images/kkt_ejemplo_circ_lineal_zoom_a.png>] [150<./images/kkt_ejemplo_circ_lineal_zoom_b.png>] [151<./images/kkt_ejemplo_circ_lineal_zoom_c.png>] [152<./images/kkt_ejemplo_circ_lineal_zoom_d.png>] [153<./images/kkt_ejemplo_circ_lineal_conclusiones.png>]
Overfull \hbox (26.6979pt too wide) detected at line 7433
\TU/latinmodern-math.otf(1)/m/n/10.95 𝒢[]([]) = {𝑑 ∈ ℝ[] ∣ ∇𝑔[]([])[]𝑑 < 0,  ∀𝑖 ∈ ℐ} [] ℋ[]([]) = {𝑑 ∈ ℝ[] ∣ ∇ℎ[]([])[]𝑑 = 0,  𝑖 = 1, … , ℓ}
 []

[154]

LaTeX Warning: Reference `fig-kkt-mixtas-ejemplo1' on page 155 undefined on input line 7516.

<images/kkt_mixtas_ejemplo1.png, id=1064, 354.6048pt x 338.9463pt>
File: images/kkt_mixtas_ejemplo1.png Graphic file (type png)
<use images/kkt_mixtas_ejemplo1.png>
Package luatex.def Info: images/kkt_mixtas_ejemplo1.png  used on input line 7594.
(luatex.def)             Requested size: 252.86955pt x 241.70346pt.
[155] [156] [157]

LaTeX Warning: Reference `fig-kkt-mixtas-ejemplo2' on page 158 undefined on input line 7612.

<images/kkt_mixtas_ejemplo2.png, id=1081, 354.6048pt x 338.9463pt>
File: images/kkt_mixtas_ejemplo2.png Graphic file (type png)
<use images/kkt_mixtas_ejemplo2.png>
Package luatex.def Info: images/kkt_mixtas_ejemplo2.png  used on input line 7696.
(luatex.def)             Requested size: 252.86955pt x 241.70346pt.
[158<./images/kkt_mixtas_ejemplo1.png>] [159] [160<./images/kkt_mixtas_ejemplo2.png>]
chapter 5.
[161

]

LaTeX Warning: Reference `fig-region-factible-lp' on page 162 undefined on input line 7791.

<images/region_factible_lp.png, id=1110, 338.7054pt x 351.2322pt>
File: images/region_factible_lp.png Graphic file (type png)
<use images/region_factible_lp.png>
Package luatex.def Info: images/region_factible_lp.png  used on input line 7802.
(luatex.def)             Requested size: 312.74458pt x 324.31123pt.
[162] [163<./images/region_factible_lp.png>] [164] [165] [166] [167] [168] [169] [170]

LaTeX Warning: Reference `fig-lp-caso1' on page 171 undefined on input line 8339.

<images/lp_caso1_unica_no_deg.png, id=1171, 372.9132pt x 352.1958pt>
File: images/lp_caso1_unica_no_deg.png Graphic file (type png)
<use images/lp_caso1_unica_no_deg.png>
Package luatex.def Info: images/lp_caso1_unica_no_deg.png  used on input line 8361.
(luatex.def)             Requested size: 316.07866pt x 298.51874pt.

LaTeX Warning: Reference `fig-lp-caso2' on page 171 undefined on input line 8387.

<images/lp_caso2_unica_deg.png, id=1172, 379.1766pt x 354.8457pt>
File: images/lp_caso2_unica_deg.png Graphic file (type png)
<use images/lp_caso2_unica_deg.png>
Package luatex.def Info: images/lp_caso2_unica_deg.png  used on input line 8407.
(luatex.def)             Requested size: 316.0935pt x 295.81049pt.

LaTeX Warning: Reference `fig-lp-caso3' on page 171 undefined on input line 8431.

<images/lp_caso3_multiples_no_deg.png, id=1173, 375.0813pt x 352.4367pt>
File: images/lp_caso3_multiples_no_deg.png Graphic file (type png)
<use images/lp_caso3_multiples_no_deg.png>
Package luatex.def Info: images/lp_caso3_multiples_no_deg.png  used on input line 8450.
(luatex.def)             Requested size: 316.0906pt x 297.00743pt.

LaTeX Warning: Reference `fig-lp-caso4a' on page 171 undefined on input line 8474.

<images/lp_caso4a_geometria.png, id=1174, 378.6948pt x 353.8821pt>
File: images/lp_caso4a_geometria.png Graphic file (type png)
<use images/lp_caso4a_geometria.png>
Package luatex.def Info: images/lp_caso4a_geometria.png  used on input line 8483.
(luatex.def)             Requested size: 316.07901pt x 295.36899pt.

LaTeX Warning: Reference `fig-lp-caso4b' on page 171 undefined on input line 8493.

<images/lp_caso4b_gradientes.png, id=1175, 375.0813pt x 350.7504pt>
File: images/lp_caso4b_gradientes.png Graphic file (type png)
<use images/lp_caso4b_gradientes.png>
Package luatex.def Info: images/lp_caso4b_gradientes.png  used on input line 8509.
(luatex.def)             Requested size: 316.0906pt x 295.58633pt.

LaTeX Warning: Reference `fig-lp-caso5' on page 171 undefined on input line 8531.

<images/lp_caso5_no_acotado.png, id=1176, 381.8265pt x 355.5684pt>
File: images/lp_caso5_no_acotado.png Graphic file (type png)
<use images/lp_caso5_no_acotado.png>
Package luatex.def Info: images/lp_caso5_no_acotado.png  used on input line 8538.
(luatex.def)             Requested size: 316.0886pt x 294.35126pt.

LaTeX Warning: Reference `fig-lp-caso6' on page 171 undefined on input line 8558.

<images/lp_caso6_no_factible.png, id=1177, 382.0674pt x 355.5684pt>
File: images/lp_caso6_no_factible.png Graphic file (type png)
<use images/lp_caso6_no_factible.png>
Package luatex.def Info: images/lp_caso6_no_factible.png  used on input line 8567.
(luatex.def)             Requested size: 316.07813pt x 294.15594pt.
[171] [172<./images/lp_caso1_unica_no_deg.png>] [173] [174<./images/lp_caso2_unica_deg.png>] [175<./images/lp_caso3_multiples_no_deg.png>] [176<./images/lp_caso4a_geometria.png>] [177<./images/lp_caso4b_gradientes.png>] [178<./images/lp_caso5_no_acotado.png>] [179<./images/lp_caso6_no_factible.png>]

Package longtable Warning: Column widths have changed
(longtable)                in table 5.1 on input line 8626.

[180] [181] [182] [183]

LaTeX Warning: Reference `fig-qp-ejemplo-geometria' on page 184 undefined on input line 9005.

<images/qp_ejemplo_geometria.png, id=1260, 374.3586pt x 351.714pt>
File: images/qp_ejemplo_geometria.png Graphic file (type png)
<use images/qp_ejemplo_geometria.png>
Package luatex.def Info: images/qp_ejemplo_geometria.png  used on input line 9016.
(luatex.def)             Requested size: 316.08707pt x 296.96727pt.

Overfull \hbox (5.1185pt too wide) in paragraph at lines 9131--9131
[]|\TU/lmr/bx/n/10.95 Cos- 
 []

<images/wolfe_iter1.png, id=1261, 373.395pt x 352.6776pt>
File: images/wolfe_iter1.png Graphic file (type png)
<use images/wolfe_iter1.png>
Package luatex.def Info: images/wolfe_iter1.png  used on input line 9143.
(luatex.def)             Requested size: 295.01869pt x 278.6499pt.

Overfull \hbox (5.1185pt too wide) in paragraph at lines 9233--9233
[]|\TU/lmr/bx/n/10.95 Cos- 
 []

<images/wolfe_iter2.png, id=1262, 373.395pt x 352.6776pt>
File: images/wolfe_iter2.png Graphic file (type png)
<use images/wolfe_iter2.png>
Package luatex.def Info: images/wolfe_iter2.png  used on input line 9245.
(luatex.def)             Requested size: 295.01869pt x 278.6499pt.

Overfull \hbox (5.99301pt too wide) in paragraph at lines 9328--9328
[]|$\TU/latinmodern-math.otf(1)/m/n/10.95 −1/2$|  
 []


Overfull \hbox (5.99301pt too wide) in paragraph at lines 9332--9332
[]|$\TU/latinmodern-math.otf(1)/m/n/10.95 −5/2$|  
 []


Overfull \hbox (5.1185pt too wide) in paragraph at lines 9338--9338
[]|\TU/lmr/bx/n/10.95 Cos- 
 []

<images/wolfe_iter3.png, id=1263, 373.395pt x 352.6776pt>
File: images/wolfe_iter3.png Graphic file (type png)
<use images/wolfe_iter3.png>
Package luatex.def Info: images/wolfe_iter3.png  used on input line 9350.
(luatex.def)             Requested size: 295.01869pt x 278.6499pt.

Overfull \hbox (5.99301pt too wide) in paragraph at lines 9428--9428
[]|$\TU/latinmodern-math.otf(1)/m/n/10.95 −1/2$|  
 []


Overfull \hbox (5.99301pt too wide) in paragraph at lines 9432--9432
[]|$\TU/latinmodern-math.otf(1)/m/n/10.95 −5/2$|  
 []


Overfull \hbox (5.1185pt too wide) in paragraph at lines 9438--9438
[]|\TU/lmr/bx/n/10.95 Cos- 
 []

<images/wolfe_iter4.png, id=1264, 373.395pt x 352.9185pt>
File: images/wolfe_iter4.png Graphic file (type png)
<use images/wolfe_iter4.png>
Package luatex.def Info: images/wolfe_iter4.png  used on input line 9450.
(luatex.def)             Requested size: 295.01869pt x 278.84026pt.

Overfull \hbox (5.99301pt too wide) in paragraph at lines 9531--9531
[]|$\TU/latinmodern-math.otf(1)/m/n/10.95 −1/2$|  
 []


Overfull \hbox (5.99301pt too wide) in paragraph at lines 9531--9531
[]|$\TU/latinmodern-math.otf(1)/m/n/10.95 −1/4$|  
 []


Overfull \hbox (5.99301pt too wide) in paragraph at lines 9531--9532
[]|$\TU/latinmodern-math.otf(1)/m/n/10.95 −1/4$|  
 []


Overfull \hbox (5.99301pt too wide) in paragraph at lines 9533--9533
[]|$\TU/latinmodern-math.otf(1)/m/n/10.95 −1/4$|  
 []


Overfull \hbox (5.99301pt too wide) in paragraph at lines 9533--9533
[]|$\TU/latinmodern-math.otf(1)/m/n/10.95 −1/4$|  
 []


Overfull \hbox (5.99301pt too wide) in paragraph at lines 9533--9533
[]|$\TU/latinmodern-math.otf(1)/m/n/10.95 −1/4$|  
 []


Overfull \hbox (5.99301pt too wide) in paragraph at lines 9534--9534
[]|$\TU/latinmodern-math.otf(1)/m/n/10.95 −5/2$|  
 []


Overfull \hbox (5.99301pt too wide) in paragraph at lines 9535--9535
[]|$\TU/latinmodern-math.otf(1)/m/n/10.95 −1/4$|  
 []


Overfull \hbox (5.99301pt too wide) in paragraph at lines 9535--9535
[]|$\TU/latinmodern-math.otf(1)/m/n/10.95 −1/4$|  
 []


Overfull \hbox (5.99301pt too wide) in paragraph at lines 9535--9535
[]|$\TU/latinmodern-math.otf(1)/m/n/10.95 −1/4$|  
 []


Overfull \hbox (5.99301pt too wide) in paragraph at lines 9537--9537
[]|$\TU/latinmodern-math.otf(1)/m/n/10.95 −1/2$|  
 []


Overfull \hbox (5.99301pt too wide) in paragraph at lines 9537--9538
[]|$\TU/latinmodern-math.otf(1)/m/n/10.95 −1/2$|  
 []


Overfull \hbox (5.99301pt too wide) in paragraph at lines 9539--9539
[]|$\TU/latinmodern-math.otf(1)/m/n/10.95 −1/2$|  
 []


Overfull \hbox (5.99301pt too wide) in paragraph at lines 9539--9539
[]|$\TU/latinmodern-math.otf(1)/m/n/10.95 −1/2$|  
 []


Overfull \hbox (5.1185pt too wide) in paragraph at lines 9540--9540
[]|\TU/lmr/bx/n/10.95 Cos- 
 []

<images/wolfe_iter5.png, id=1265, 370.986pt x 352.1958pt>
File: images/wolfe_iter5.png Graphic file (type png)
<use images/wolfe_iter5.png>
Package luatex.def Info: images/wolfe_iter5.png  used on input line 9553.
(luatex.def)             Requested size: 295.01736pt x 280.07494pt.

LaTeX Warning: Reference `fig-wolfe-trayectoria' on page 184 undefined on input line 9592.

<images/wolfe_trayectoria.png, id=1266, 374.3586pt x 351.4731pt>
File: images/wolfe_trayectoria.png Graphic file (type png)
<use images/wolfe_trayectoria.png>
Package luatex.def Info: images/wolfe_trayectoria.png  used on input line 9598.
(luatex.def)             Requested size: 316.08707pt x 296.76385pt.
[184] [185] [186<./images/qp_ejemplo_geometria.png>] [187] [188] [189<./images/wolfe_iter1.png>] [190] [191<./images/wolfe_iter2.png>] [192] [193<./images/wolfe_iter3.png>] [194] [195<./images/wolfe_iter4.png>] [196] [197<./images/wolfe_iter5.png>] [198<./images/wolfe_trayectoria.png>] [199]
part II.
Package scrkbase Info: You've told me to use the font selection of the element
(scrkbase)             `partprefix' that is an alias of element `partnumber'
(scrkbase)              on input line 9671.
[200

]
chapter 6.

LaTeX Warning: Reference `fig-koenigsberg-a' on page 201 undefined on input line 9734.


LaTeX Warning: Reference `fig-koenigsberg-aa' on page 201 undefined on input line 9734.


LaTeX Warning: Reference `fig-koenigsberg-aaa' on page 201 undefined on input line 9735.

[201

]
<images/fig_koenigsberg_a.jpg, id=1381, 398.99063pt x 323.70938pt>
File: images/fig_koenigsberg_a.jpg Graphic file (type jpg)
<use images/fig_koenigsberg_a.jpg>
Package luatex.def Info: images/fig_koenigsberg_a.jpg  used on input line 9741.
(luatex.def)             Requested size: 312.74564pt x 253.73703pt.
<images/fig_koenigsberg_aa.jpg, id=1382, 398.99063pt x 323.70938pt>
File: images/fig_koenigsberg_aa.jpg Graphic file (type jpg)
<use images/fig_koenigsberg_aa.jpg>
Package luatex.def Info: images/fig_koenigsberg_aa.jpg  used on input line 9754.
(luatex.def)             Requested size: 312.74564pt x 253.73703pt.
<images/fig_koenigsberg_aaa.jpg, id=1383, 398.99063pt x 323.70938pt>
File: images/fig_koenigsberg_aaa.jpg Graphic file (type jpg)
<use images/fig_koenigsberg_aaa.jpg>
Package luatex.def Info: images/fig_koenigsberg_aaa.jpg  used on input line 9767.
(luatex.def)             Requested size: 312.74564pt x 253.73703pt.

LaTeX Warning: Reference `fig-puentes-konigsberg-grafo' on page 202 undefined on input line 9783.

<images/puentes_konigsberg_grafo.png, id=1384, 722.7pt x 361.35pt>
File: images/puentes_konigsberg_grafo.png Graphic file (type png)
<use images/puentes_konigsberg_grafo.png>
Package luatex.def Info: images/puentes_konigsberg_grafo.png  used on input line 9789.
(luatex.def)             Requested size: 223.37303pt x 111.68651pt.
[202<./images/fig_koenigsberg_a.jpg>] [203<./images/fig_koenigsberg_aa.jpg><./images/fig_koenigsberg_aaa.jpg>]

LaTeX Warning: Reference `fig-red-vuelos-ejemplo' on page 204 undefined on input line 9844.

<images/red_vuelos_ejemplo.png, id=1396, 578.16pt x 361.35pt>
File: images/red_vuelos_ejemplo.png Graphic file (type png)
<use images/red_vuelos_ejemplo.png>
Package luatex.def Info: images/red_vuelos_ejemplo.png  used on input line 9850.
(luatex.def)             Requested size: 335.06837pt x 209.41772pt.

LaTeX Warning: Reference `fig-red-vuelos-ejemplo' on page 204 undefined on input line 9859.


LaTeX Warning: Reference `fig-digrafo-definicion' on page 204 undefined on input line 9870.

[204<./images/puentes_konigsberg_grafo.png>]
<images/digrafo_definicion.png, id=1405, 361.35pt x 361.35pt>
File: images/digrafo_definicion.png Graphic file (type png)
<use images/digrafo_definicion.png>
Package luatex.def Info: images/digrafo_definicion.png  used on input line 9876.
(luatex.def)             Requested size: 223.37854pt x 223.37854pt.
[205<./images/red_vuelos_ejemplo.png>]

LaTeX Warning: Reference `fig-adyacencia-vecindades' on page 206 undefined on input line 9950.

<images/adyacencia_vecindades.png, id=1413, 433.62pt x 361.35pt>
File: images/adyacencia_vecindades.png Graphic file (type png)
<use images/adyacencia_vecindades.png>
Package luatex.def Info: images/adyacencia_vecindades.png  used on input line 9959.
(luatex.def)             Requested size: 268.07411pt x 223.39508pt.

LaTeX Warning: Reference `fig-grado-nodos' on page 206 undefined on input line 9968.

<images/grado_nodos.png, id=1414, 433.62pt x 361.35pt>
File: images/grado_nodos.png Graphic file (type png)
<use images/grado_nodos.png>
Package luatex.def Info: images/grado_nodos.png  used on input line 9977.
(luatex.def)             Requested size: 268.07411pt x 223.39508pt.
[206<./images/digrafo_definicion.png>] [207<./images/adyacencia_vecindades.png>]

LaTeX Warning: Reference `fig-incidencia-corte-conjuntos' on page 208 undefined on input line 10032.


! Package xcolor Error: Undefined color `firebrick'.

See the xcolor package documentation for explanation.
Type  H <return>  for immediate help.
 ...                                              
                                                  
l.10042 \textcolor{firebrick}{w^+(A) = w^+(\{2,3\})}
                                                   &= \textcolor{firebrick}{...

Here is how much of LuaTeX's memory you used:
 45538 strings out of 475635
 476910,1977958 words of node,token memory allocated
 44278 words of node memory still in use:
   93 hlist, 7 vlist, 12 rule, 111 disc, 13 local_par, 43 dir, 24 math, 311 glue, 52 kern, 41 penalty, 1 style, 3 noad, 2 math_char, 1 sub_box, 6 margin_kern, 773 glyph, 2 align_record, 12195 attribute, 73 glue_spec, 4068 attribute_list, 10 temp, 1 align_stack, 1 if_stack, 2 write, 139 pdf_literal, 1 pdf_dest, 28 pdf_colorstack, 1 pdf_setmatrix, 1 pdf_save, 1 pdf_restore nodes
   avail lists: 1:10,2:93492,3:1645,4:390,5:2133,6:706,7:21058,8:83,9:5152,10:31,11:1886
 66733 multiletter control sequences out of 65536+600000
 75 fonts using 20752523 bytes
 109i,10n,114p,11226b,1122s stack positions out of 10000i,1000n,20000p,200000b,200000s
!  ==> Fatal error occurred, no output PDF file produced!
